$ bun ../scripts/e2e.mjs tests/monitors-access.spec.ts
$ bun scripts/migrate.mjs
@nightwatch/db migrate: db migrate: done (0 applied, 22 already applied)
@nightwatch/db migrate: Exited with code 0
$ bun scripts/partitions.mjs
[partitions] ok: months ahead 3
[partitions] 15 partitions: audit_events_p202609, audit_events_p202610, audit_events_p202611, audit_events_p202612, audit_events_p202701, monitor_check_hourly_p202609, monitor_check_hourly_p202610, monitor_check_hourly_p202611, monitor_check_hourly_p202612, monitor_check_hourly_p202701, monitor_check_results_p202609, monitor_check_results_p202610, monitor_check_results_p202611, monitor_check_results_p202612, monitor_check_results_p202701
Dedicated E2E settings fixture provisioned.
[WebServer] $ bun run src/index.ts
[WebServer] {"level":30,"time":"2026-10-05T20:11:15.651Z","pid":26239,"hostname":"OB-PC-25-004.local","name":"nightwatch-worker","roles":["consumer","scheduler","monitor-scheduler","monitor-checker","audit-exporter"],"msg":"audit exporter ready"}
[WebServer] {"level":30,"time":"2026-10-05T20:11:15.651Z","pid":26239,"hostname":"OB-PC-25-004.local","name":"nightwatch-worker","roles":["consumer","scheduler","monitor-scheduler","monitor-checker","audit-exporter"],"msg":"in-app materialize worker ready"}
[WebServer] $ bun --watch src/index.ts
[WebServer] {"level":30,"time":"2026-10-05T20:11:16.157Z","pid":26242,"hostname":"OB-PC-25-004.local","name":"nightwatch-api","port":60522,"nodeEnv":"development","msg":"api listening"}
[WebServer] {"level":30,"time":"2026-10-05T20:11:16.268Z","pid":26242,"hostname":"OB-PC-25-004.local","name":"nightwatch-api","requestId":"3c627ea6-7fc0-46fa-b4b9-dce7877a1f3a","method":"GET","path":"/health","status":200,"durationMs":0,"msg":"request completed"}
[WebServer] $ vite
[WebServer] (node:26244) [DEP0205] DeprecationWarning: `module.register()` is deprecated. Use `module.registerHooks()` instead.
[WebServer] (Use `node --trace-deprecation ...` to show where the warning was created)

Running 18 tests using 1 worker

[WebServer] {"level":30,"time":"2026-10-05T20:11:18.121Z","pid":26242,"hostname":"OB-PC-25-004.local","name":"nightwatch-api","requestId":"07f8dda4-1fa1-4c7d-851a-6394d16b9ea9","method":"POST","path":"/api/auth/sign-in/email","status":200,"durationMs":63,"msg":"request completed"}
[WebServer] {"level":30,"time":"2026-10-05T20:11:18.396Z","pid":26242,"hostname":"OB-PC-25-004.local","name":"nightwatch-api","requestId":"a92bac30-db1b-4df4-aa97-5c4218833c17","method":"POST","path":"/api/organizations/:organizationId/monitors","status":201,"durationMs":271,"msg":"request completed"}
[WebServer] {"level":30,"time":"2026-10-05T20:11:19.386Z","pid":26242,"hostname":"OB-PC-25-004.local","name":"nightwatch-api","requestId":"4db3ebf2-61c7-4118-abdf-4b4344a48235","method":"GET","path":"/api/auth/get-session","status":200,"durationMs":1,"msg":"request completed"}
[WebServer] {"level":30,"time":"2026-10-05T20:11:19.410Z","pid":26242,"hostname":"OB-PC-25-004.local","name":"nightwatch-api","requestId":"d69b0ac5-3638-4716-bc26-17c4a3f44c0b","method":"GET","path":"/api/auth/get-session","status":200,"durationMs":1,"msg":"request completed"}
[WebServer] {"level":30,"time":"2026-10-05T20:11:19.546Z","pid":26242,"hostname":"OB-PC-25-004.local","name":"nightwatch-api","requestId":"9fa38706-f00d-4588-a052-46cabeac718b","method":"POST","path":"/api/auth/sign-in/email","status":200,"durationMs":42,"msg":"request completed"}
[WebServer] {"level":30,"time":"2026-10-05T20:11:19.565Z","pid":26242,"hostname":"OB-PC-25-004.local","name":"nightwatch-api","requestId":"c3a7163a-ca8f-4ac1-8c99-812232bc5213","method":"GET","path":"/api/auth/get-session","status":200,"durationMs":4,"msg":"request completed"}
[WebServer] {"level":30,"time":"2026-10-05T20:11:19.575Z","pid":26242,"hostname":"OB-PC-25-004.local","name":"nightwatch-api","requestId":"9a3552f8-d8c9-444d-9353-6d81d3428463","method":"GET","path":"/api/auth/get-session","status":200,"durationMs":4,"msg":"request completed"}
[WebServer] {"level":30,"time":"2026-10-05T20:11:19.580Z","pid":26242,"hostname":"OB-PC-25-004.local","name":"nightwatch-api","requestId":"9c4095af-1ca7-4105-9b83-4c83ab87ea08","method":"GET","path":"/api/auth/get-session","status":200,"durationMs":3,"msg":"request completed"}
[WebServer] {"level":30,"time":"2026-10-05T20:11:19.593Z","pid":26242,"hostname":"OB-PC-25-004.local","name":"nightwatch-api","requestId":"6a148935-9e77-4947-ac5b-6aa46d52c636","method":"GET","path":"/api/me/context","status":200,"durationMs":8,"msg":"request completed"}
[WebServer] {"level":30,"time":"2026-10-05T20:11:19.620Z","pid":26242,"hostname":"OB-PC-25-004.local","name":"nightwatch-api","requestId":"f7b02413-037f-4c15-bc74-e7597141d203","method":"GET","path":"/api/organizations/:organizationId/monitors","status":200,"durationMs":24,"msg":"request completed"}
[WebServer] {"level":30,"time":"2026-10-05T20:11:19.821Z","pid":26242,"hostname":"OB-PC-25-004.local","name":"nightwatch-api","requestId":"f4f0e556-1a56-4a5b-b4d5-1c5734e59368","method":"GET","path":"/api/auth/get-session","status":200,"durationMs":5,"msg":"request completed"}
[WebServer] {"level":30,"time":"2026-10-05T20:11:19.845Z","pid":26242,"hostname":"OB-PC-25-004.local","name":"nightwatch-api","requestId":"32995cba-ae7b-49de-a4f4-7eabe4414c8f","method":"GET","path":"/api/me/context","status":200,"durationMs":4,"msg":"request completed"}
[WebServer] {"level":30,"time":"2026-10-05T20:11:19.859Z","pid":26242,"hostname":"OB-PC-25-004.local","name":"nightwatch-api","requestId":"1e661ff0-4965-47f9-8f8f-69ccfc25a868","method":"GET","path":"/api/organizations/:organizationId/monitors","status":200,"durationMs":12,"msg":"request completed"}
[WebServer] {"level":30,"time":"2026-10-05T20:11:19.871Z","pid":26242,"hostname":"OB-PC-25-004.local","name":"nightwatch-api","requestId":"2a01bdb9-4459-4a7b-8cf2-fab50b2ac2e0","method":"GET","path":"/api/auth/get-session","status":200,"durationMs":4,"msg":"request completed"}
[WebServer] {"level":30,"time":"2026-10-05T20:11:19.889Z","pid":26242,"hostname":"OB-PC-25-004.local","name":"nightwatch-api","requestId":"5ef8243e-41fd-461c-896c-fcabf090c80c","method":"GET","path":"/api/organizations/:organizationId/monitors/recent-events","status":200,"durationMs":12,"msg":"request completed"}
[WebServer] {"level":30,"time":"2026-10-05T20:11:19.891Z","pid":26242,"hostname":"OB-PC-25-004.local","name":"nightwatch-api","requestId":"0b592daf-9dd7-47ac-a40e-2098f613f7b8","method":"GET","path":"/api/notifications/unread-count","status":200,"durationMs":14,"msg":"request completed"}
[WebServer] {"level":30,"time":"2026-10-05T20:11:20.119Z","pid":26242,"hostname":"OB-PC-25-004.local","name":"nightwatch-api","requestId":"cbe0b3a3-d804-488e-a37c-b3207e892a3c","method":"GET","path":"/api/auth/get-session","status":200,"durationMs":6,"msg":"request completed"}
[WebServer] {"level":30,"time":"2026-10-05T20:11:20.126Z","pid":26242,"hostname":"OB-PC-25-004.local","name":"nightwatch-api","requestId":"d67b8a9c-25cb-4904-b958-ba76ff8150a7","method":"GET","path":"/api/me/context","status":200,"durationMs":4,"msg":"request completed"}
[WebServer] {"level":30,"time":"2026-10-05T20:11:20.142Z","pid":26242,"hostname":"OB-PC-25-004.local","name":"nightwatch-api","requestId":"809bf22e-40a3-45a4-80b6-bd1a7a9db6e9","method":"GET","path":"/api/organizations/:organizationId/monitors/:monitorId","status":200,"durationMs":14,"msg":"request completed"}
[WebServer] {"level":30,"time":"2026-10-05T20:11:20.154Z","pid":26242,"hostname":"OB-PC-25-004.local","name":"nightwatch-api","requestId":"b406f18d-493c-486b-b474-0dd685be34f5","method":"GET","path":"/api/auth/get-session","status":200,"durationMs":3,"msg":"request completed"}
[WebServer] {"level":30,"time":"2026-10-05T20:11:20.193Z","pid":26242,"hostname":"OB-PC-25-004.local","name":"nightwatch-api","requestId":"3c505af1-31cb-4b9f-89e4-5d1134f25726","method":"GET","path":"/api/notifications/unread-count","status":200,"durationMs":20,"msg":"request completed"}
[WebServer] {"level":30,"time":"2026-10-05T20:11:20.202Z","pid":26242,"hostname":"OB-PC-25-004.local","name":"nightwatch-api","requestId":"6eb0fc46-4647-48b2-810e-2f9a37dac393","method":"GET","path":"/api/organizations/:organizationId/monitors","status":200,"durationMs":27,"msg":"request completed"}
[WebServer] {"level":30,"time":"2026-10-05T20:11:20.202Z","pid":26242,"hostname":"OB-PC-25-004.local","name":"nightwatch-api","requestId":"0574bf16-11c4-409d-8b55-c59261b1f945","method":"GET","path":"/api/organizations/:organizationId/monitors/:monitorId/incidents","status":200,"durationMs":26,"msg":"request completed"}
[WebServer] {"level":30,"time":"2026-10-05T20:11:20.206Z","pid":26242,"hostname":"OB-PC-25-004.local","name":"nightwatch-api","requestId":"3f778366-594c-47c0-8d46-73efa8c608ed","method":"GET","path":"/api/organizations/:organizationId/notification-settings","status":200,"durationMs":10,"msg":"request completed"}
[WebServer] {"level":30,"time":"2026-10-05T20:11:20.211Z","pid":26242,"hostname":"OB-PC-25-004.local","name":"nightwatch-api","requestId":"c56b50e5-ab64-4446-87f4-bf945748a0dd","method":"GET","path":"/api/organizations/:organizationId/monitors/:monitorId/:segment","status":200,"durationMs":35,"msg":"request completed"}
[WebServer] {"level":30,"time":"2026-10-05T20:11:20.211Z","pid":26242,"hostname":"OB-PC-25-004.local","name":"nightwatch-api","requestId":"0464aa92-668d-45e1-baeb-70471bad5fa5","method":"GET","path":"/api/organizations/:organizationId/monitors/:monitorId/response-times","status":200,"durationMs":36,"msg":"request completed"}
[WebServer] {"level":30,"time":"2026-10-05T20:11:20.212Z","pid":26242,"hostname":"OB-PC-25-004.local","name":"nightwatch-api","requestId":"1deeadc4-ce07-492f-8696-9fa961a08698","method":"GET","path":"/api/organizations/:organizationId/monitors/:monitorId/checks","status":200,"durationMs":35,"msg":"request completed"}
[WebServer] {"level":30,"time":"2026-10-05T20:11:20.218Z","pid":26242,"hostname":"OB-PC-25-004.local","name":"nightwatch-api","requestId":"5ca48575-05aa-4773-ad91-590585a528f5","method":"GET","path":"/api/organizations/:organizationId/monitors/:monitorId/:segment","status":200,"durationMs":14,"msg":"request completed"}
[WebServer] {"level":30,"time":"2026-10-05T20:11:20.420Z","pid":26242,"hostname":"OB-PC-25-004.local","name":"nightwatch-api","requestId":"4cf8445f-3c08-4931-b0da-aefc19183e18","method":"GET","path":"/api/auth/get-session","status":200,"durationMs":6,"msg":"request completed"}
[WebServer] {"level":30,"time":"2026-10-05T20:11:20.426Z","pid":26242,"hostname":"OB-PC-25-004.local","name":"nightwatch-api","requestId":"764b312e-18f2-447a-b47e-cc678d92127a","method":"GET","path":"/api/me/context","status":200,"durationMs":4,"msg":"request completed"}
[WebServer] {"level":30,"time":"2026-10-05T20:11:20.436Z","pid":26242,"hostname":"OB-PC-25-004.local","name":"nightwatch-api","requestId":"e3bdba1a-70c6-46b3-8184-9de8501f08b4","method":"GET","path":"/api/auth/get-session","status":200,"durationMs":3,"msg":"request completed"}
[WebServer] {"level":30,"time":"2026-10-05T20:11:20.477Z","pid":26242,"hostname":"OB-PC-25-004.local","name":"nightwatch-api","requestId":"6f181982-9427-4919-ad77-6ed0763db5f7","method":"GET","path":"/api/notifications/unread-count","status":200,"durationMs":25,"msg":"request completed"}
[WebServer] {"level":30,"time":"2026-10-05T20:11:20.478Z","pid":26242,"hostname":"OB-PC-25-004.local","name":"nightwatch-api","requestId":"447eba72-8f4c-4b45-8acd-b0878a1a335c","method":"GET","path":"/api/organizations/:organizationId/monitors","status":200,"durationMs":25,"msg":"request completed"}
[WebServer] {"level":30,"time":"2026-10-05T20:11:20.479Z","pid":26242,"hostname":"OB-PC-25-004.local","name":"nightwatch-api","requestId":"31dd4c37-3f1c-45a2-ac77-d48d4eda1182","method":"GET","path":"/api/organizations/:organizationId/notification-settings","status":200,"durationMs":25,"msg":"request completed"}
[WebServer] {"level":30,"time":"2026-10-05T20:11:20.652Z","pid":26242,"hostname":"OB-PC-25-004.local","name":"nightwatch-api","requestId":"94f0c82c-7b4f-4510-9618-1f4cb5f39af9","method":"GET","path":"/api/auth/get-session","status":200,"durationMs":6,"msg":"request completed"}
[WebServer] {"level":30,"time":"2026-10-05T20:11:20.658Z","pid":26242,"hostname":"OB-PC-25-004.local","name":"nightwatch-api","requestId":"d6adbdd0-10d7-41cf-8ebd-d4ce3d79be7f","method":"GET","path":"/api/me/context","status":200,"durationMs":4,"msg":"request completed"}
[WebServer] {"level":30,"time":"2026-10-05T20:11:20.676Z","pid":26242,"hostname":"OB-PC-25-004.local","name":"nightwatch-api","requestId":"a73d15b9-1e9c-4106-a106-1d99a79e6682","method":"GET","path":"/api/organizations/:organizationId/monitors/:monitorId","status":200,"durationMs":16,"msg":"request completed"}
[WebServer] {"level":30,"time":"2026-10-05T20:11:20.687Z","pid":26242,"hostname":"OB-PC-25-004.local","name":"nightwatch-api","requestId":"b87f881b-c5f6-47bf-9425-165c591b8150","method":"GET","path":"/api/auth/get-session","status":200,"durationMs":3,"msg":"request completed"}
[WebServer] {"level":30,"time":"2026-10-05T20:11:20.703Z","pid":26242,"hostname":"OB-PC-25-004.local","name":"nightwatch-api","requestId":"9a092d22-e0b7-49fb-bf4f-de3cd0571b7a","method":"GET","path":"/api/notifications/unread-count","status":200,"durationMs":13,"msg":"request completed"}
[WebServer] {"level":30,"time":"2026-10-05T20:11:20.704Z","pid":26242,"hostname":"OB-PC-25-004.local","name":"nightwatch-api","requestId":"57b34e63-bdba-4af6-92c8-0d89f5e178bb","method":"GET","path":"/api/organizations/:organizationId/monitors","status":200,"durationMs":14,"msg":"request completed"}
[WebServer] {"level":30,"time":"2026-10-05T20:11:20.705Z","pid":26242,"hostname":"OB-PC-25-004.local","name":"nightwatch-api","requestId":"a5e748e8-b87f-4500-a2a9-bb3d8920abc0","method":"GET","path":"/api/organizations/:organizationId/notification-settings","status":200,"durationMs":14,"msg":"request completed"}
  ✓   1 [chromium] › e2e/tests/monitors-access.spec.ts:100:5 › role x screen table (AC-02, AC-03) › owner: Overview, Detail, new and edit screens (2.3s)
[WebServer] {"level":30,"time":"2026-10-05T20:11:21.065Z","pid":26242,"hostname":"OB-PC-25-004.local","name":"nightwatch-api","requestId":"e84771f9-5d04-40e4-9dfb-fa5289b827ec","method":"GET","path":"/api/auth/get-session","status":200,"durationMs":1,"msg":"request completed"}
[WebServer] {"level":30,"time":"2026-10-05T20:11:21.087Z","pid":26242,"hostname":"OB-PC-25-004.local","name":"nightwatch-api","requestId":"d36d000b-de78-456e-81dc-312d6866d223","method":"GET","path":"/api/auth/get-session","status":200,"durationMs":1,"msg":"request completed"}
[WebServer] {"level":30,"time":"2026-10-05T20:11:21.219Z","pid":26242,"hostname":"OB-PC-25-004.local","name":"nightwatch-api","requestId":"c272bceb-f4c8-4535-ba0d-ba28c26a2f62","method":"POST","path":"/api/auth/sign-in/email","status":200,"durationMs":41,"msg":"request completed"}
[WebServer] {"level":30,"time":"2026-10-05T20:11:21.236Z","pid":26242,"hostname":"OB-PC-25-004.local","name":"nightwatch-api","requestId":"1b77c03f-e1c2-47e2-81a0-72cc2ffe0284","method":"GET","path":"/api/auth/get-session","status":200,"durationMs":3,"msg":"request completed"}
[WebServer] {"level":30,"time":"2026-10-05T20:11:21.244Z","pid":26242,"hostname":"OB-PC-25-004.local","name":"nightwatch-api","requestId":"0eab5d77-01f0-419a-9238-60e2e3fcec60","method":"GET","path":"/api/auth/get-session","status":200,"durationMs":3,"msg":"request completed"}
[WebServer] {"level":30,"time":"2026-10-05T20:11:21.251Z","pid":26242,"hostname":"OB-PC-25-004.local","name":"nightwatch-api","requestId":"591b6654-dc06-49e4-aa14-4d4bc52d9440","method":"GET","path":"/api/auth/get-session","status":200,"durationMs":3,"msg":"request completed"}
[WebServer] {"level":30,"time":"2026-10-05T20:11:21.257Z","pid":26242,"hostname":"OB-PC-25-004.local","name":"nightwatch-api","requestId":"98000dac-77d0-4cdd-a8c1-89ab3f482e50","method":"GET","path":"/api/me/context","status":200,"durationMs":3,"msg":"request completed"}
[WebServer] {"level":30,"time":"2026-10-05T20:11:21.278Z","pid":26242,"hostname":"OB-PC-25-004.local","name":"nightwatch-api","requestId":"f336169f-d394-45ab-8086-fb034fcbeb4c","method":"GET","path":"/api/organizations/:organizationId/monitors","status":200,"durationMs":18,"msg":"request completed"}
[WebServer] {"level":30,"time":"2026-10-05T20:11:21.477Z","pid":26242,"hostname":"OB-PC-25-004.local","name":"nightwatch-api","requestId":"d32e7449-6ee2-432a-81c2-059241db0bb9","method":"GET","path":"/api/auth/get-session","status":200,"durationMs":4,"msg":"request completed"}
[WebServer] {"level":30,"time":"2026-10-05T20:11:21.499Z","pid":26242,"hostname":"OB-PC-25-004.local","name":"nightwatch-api","requestId":"af4fec68-79d8-4b58-9321-6cb4843e8c1e","method":"GET","path":"/api/me/context","status":200,"durationMs":4,"msg":"request completed"}
[WebServer] {"level":30,"time":"2026-10-05T20:11:21.512Z","pid":26242,"hostname":"OB-PC-25-004.local","name":"nightwatch-api","requestId":"c42acc20-a3f9-4c9f-b64f-51b01db61ae7","method":"GET","path":"/api/organizations/:organizationId/monitors","status":200,"durationMs":10,"msg":"request completed"}
[WebServer] {"level":30,"time":"2026-10-05T20:11:21.524Z","pid":26242,"hostname":"OB-PC-25-004.local","name":"nightwatch-api","requestId":"468f7ab2-9a26-4828-b241-3a6db5729b29","method":"GET","path":"/api/auth/get-session","status":200,"durationMs":4,"msg":"request completed"}
[WebServer] {"level":30,"time":"2026-10-05T20:11:21.537Z","pid":26242,"hostname":"OB-PC-25-004.local","name":"nightwatch-api","requestId":"bee8882e-3acb-4db0-b969-20ddbcdb7357","method":"GET","path":"/api/organizations/:organizationId/monitors/recent-events","status":200,"durationMs":8,"msg":"request completed"}
[WebServer] {"level":30,"time":"2026-10-05T20:11:21.537Z","pid":26242,"hostname":"OB-PC-25-004.local","name":"nightwatch-api","requestId":"4ae892c6-df87-420d-9221-193f98726a0f","method":"GET","path":"/api/notifications/unread-count","status":200,"durationMs":9,"msg":"request completed"}
[WebServer] {"level":30,"time":"2026-10-05T20:11:21.768Z","pid":26242,"hostname":"OB-PC-25-004.local","name":"nightwatch-api","requestId":"ec81b26e-90ad-4539-b742-e19d32e9e443","method":"GET","path":"/api/auth/get-session","status":200,"durationMs":5,"msg":"request completed"}
[WebServer] {"level":30,"time":"2026-10-05T20:11:21.774Z","pid":26242,"hostname":"OB-PC-25-004.local","name":"nightwatch-api","requestId":"9a31bf30-bbe1-4b42-a236-66396b4df724","method":"GET","path":"/api/me/context","status":200,"durationMs":3,"msg":"request completed"}
[WebServer] {"level":30,"time":"2026-10-05T20:11:21.786Z","pid":26242,"hostname":"OB-PC-25-004.local","name":"nightwatch-api","requestId":"72f0b690-b354-4912-9fff-f18022dd3a69","method":"GET","path":"/api/organizations/:organizationId/monitors/:monitorId","status":200,"durationMs":10,"msg":"request completed"}
[WebServer] {"level":30,"time":"2026-10-05T20:11:21.798Z","pid":26242,"hostname":"OB-PC-25-004.local","name":"nightwatch-api","requestId":"5cf9e5d1-2ef9-43fe-b99d-92521d0711cb","method":"GET","path":"/api/auth/get-session","status":200,"durationMs":3,"msg":"request completed"}
[WebServer] {"level":30,"time":"2026-10-05T20:11:21.815Z","pid":26242,"hostname":"OB-PC-25-004.local","name":"nightwatch-api","requestId":"7c0ea780-10de-4929-96f6-851363d44b13","method":"GET","path":"/api/organizations/:organizationId/monitors/:monitorId/incidents","status":200,"durationMs":9,"msg":"request completed"}
[WebServer] {"level":30,"time":"2026-10-05T20:11:21.816Z","pid":26242,"hostname":"OB-PC-25-004.local","name":"nightwatch-api","requestId":"e857da4a-7536-4aee-aabc-d2ce69d6c637","method":"GET","path":"/api/organizations/:organizationId/monitors/:monitorId/:segment","status":200,"durationMs":9,"msg":"request completed"}
[WebServer] {"level":30,"time":"2026-10-05T20:11:21.816Z","pid":26242,"hostname":"OB-PC-25-004.local","name":"nightwatch-api","requestId":"ec174800-ebd6-4270-9f99-194a56b467e3","method":"GET","path":"/api/organizations/:organizationId/monitors/:monitorId/checks","status":200,"durationMs":9,"msg":"request completed"}
[WebServer] {"level":30,"time":"2026-10-05T20:11:21.816Z","pid":26242,"hostname":"OB-PC-25-004.local","name":"nightwatch-api","requestId":"5cbf415a-3c45-418d-aece-86a82430f137","method":"GET","path":"/api/notifications/unread-count","status":200,"durationMs":10,"msg":"request completed"}
[WebServer] {"level":30,"time":"2026-10-05T20:11:21.816Z","pid":26242,"hostname":"OB-PC-25-004.local","name":"nightwatch-api","requestId":"bbc4723d-d518-4396-abd6-335f1d10421a","method":"GET","path":"/api/organizations/:organizationId/monitors/:monitorId/response-times","status":200,"durationMs":10,"msg":"request completed"}
[WebServer] {"level":30,"time":"2026-10-05T20:11:21.819Z","pid":26242,"hostname":"OB-PC-25-004.local","name":"nightwatch-api","requestId":"107884a5-d362-42dc-90ca-cd8f9e23af72","method":"GET","path":"/api/organizations/:organizationId/monitors","status":200,"durationMs":13,"msg":"request completed"}
[WebServer] {"level":30,"time":"2026-10-05T20:11:21.831Z","pid":26242,"hostname":"OB-PC-25-004.local","name":"nightwatch-api","requestId":"ebfb175b-7731-42d7-9c67-aee46c8890cd","method":"GET","path":"/api/organizations/:organizationId/notification-settings","status":200,"durationMs":12,"msg":"request completed"}
[WebServer] {"level":30,"time":"2026-10-05T20:11:21.831Z","pid":26242,"hostname":"OB-PC-25-004.local","name":"nightwatch-api","requestId":"b2aea831-6283-4c94-94f8-12ca4e7daee1","method":"GET","path":"/api/organizations/:organizationId/monitors/:monitorId/:segment","status":200,"durationMs":11,"msg":"request completed"}
[WebServer] {"level":30,"time":"2026-10-05T20:11:22.052Z","pid":26242,"hostname":"OB-PC-25-004.local","name":"nightwatch-api","requestId":"0ef48c82-8537-4f17-aadd-114bb6d2824c","method":"GET","path":"/api/auth/get-session","status":200,"durationMs":4,"msg":"request completed"}
[WebServer] {"level":30,"time":"2026-10-05T20:11:22.056Z","pid":26242,"hostname":"OB-PC-25-004.local","name":"nightwatch-api","requestId":"edf64004-5a17-4567-a1ab-8a3574c88f57","method":"GET","path":"/api/me/context","status":200,"durationMs":3,"msg":"request completed"}
[WebServer] {"level":30,"time":"2026-10-05T20:11:22.067Z","pid":26242,"hostname":"OB-PC-25-004.local","name":"nightwatch-api","requestId":"9ba38a38-b97e-4784-a666-03468aae0cdc","method":"GET","path":"/api/auth/get-session","status":200,"durationMs":3,"msg":"request completed"}
[WebServer] {"level":30,"time":"2026-10-05T20:11:22.079Z","pid":26242,"hostname":"OB-PC-25-004.local","name":"nightwatch-api","requestId":"feed05aa-716a-4889-b086-1e462ea534e2","method":"GET","path":"/api/notifications/unread-count","status":200,"durationMs":8,"msg":"request completed"}
[WebServer] {"level":30,"time":"2026-10-05T20:11:22.081Z","pid":26242,"hostname":"OB-PC-25-004.local","name":"nightwatch-api","requestId":"9d111019-0070-4678-b815-0ee0b6add3c7","method":"GET","path":"/api/organizations/:organizationId/notification-settings","status":200,"durationMs":9,"msg":"request completed"}
[WebServer] {"level":30,"time":"2026-10-05T20:11:22.081Z","pid":26242,"hostname":"OB-PC-25-004.local","name":"nightwatch-api","requestId":"b45c627d-445b-4132-9aed-48e7673ef426","method":"GET","path":"/api/organizations/:organizationId/monitors","status":200,"durationMs":10,"msg":"request completed"}
[WebServer] {"level":30,"time":"2026-10-05T20:11:22.276Z","pid":26242,"hostname":"OB-PC-25-004.local","name":"nightwatch-api","requestId":"1653303b-7fbb-4b4e-bf3c-8b9fc3db5234","method":"GET","path":"/api/auth/get-session","status":200,"durationMs":5,"msg":"request completed"}
[WebServer] {"level":30,"time":"2026-10-05T20:11:22.281Z","pid":26242,"hostname":"OB-PC-25-004.local","name":"nightwatch-api","requestId":"942896fa-fdde-4710-913d-35ab450bd20e","method":"GET","path":"/api/me/context","status":200,"durationMs":3,"msg":"request completed"}
[WebServer] {"level":30,"time":"2026-10-05T20:11:22.293Z","pid":26242,"hostname":"OB-PC-25-004.local","name":"nightwatch-api","requestId":"9e1f1c08-d1fb-473c-a228-d264c392cc59","method":"GET","path":"/api/organizations/:organizationId/monitors/:monitorId","status":200,"durationMs":10,"msg":"request completed"}
[WebServer] {"level":30,"time":"2026-10-05T20:11:22.303Z","pid":26242,"hostname":"OB-PC-25-004.local","name":"nightwatch-api","requestId":"60c5fb46-9fbc-4e67-ace3-fc13c43d6280","method":"GET","path":"/api/auth/get-session","status":200,"durationMs":3,"msg":"request completed"}
[WebServer] {"level":30,"time":"2026-10-05T20:11:22.325Z","pid":26242,"hostname":"OB-PC-25-004.local","name":"nightwatch-api","requestId":"4ec48a35-cc64-4bdf-83de-727b082e358b","method":"GET","path":"/api/notifications/unread-count","status":200,"durationMs":9,"msg":"request completed"}
[WebServer] {"level":30,"time":"2026-10-05T20:11:22.327Z","pid":26242,"hostname":"OB-PC-25-004.local","name":"nightwatch-api","requestId":"4d016d9c-d5ad-45b1-971c-bf4d2613bbfe","method":"GET","path":"/api/organizations/:organizationId/notification-settings","status":200,"durationMs":11,"msg":"request completed"}
[WebServer] {"level":30,"time":"2026-10-05T20:11:22.327Z","pid":26242,"hostname":"OB-PC-25-004.local","name":"nightwatch-api","requestId":"cc6b9902-395b-4018-9a04-6f5f2ae426d9","method":"GET","path":"/api/organizations/:organizationId/monitors","status":200,"durationMs":12,"msg":"request completed"}
  ✓   2 [chromium] › e2e/tests/monitors-access.spec.ts:100:5 › role x screen table (AC-02, AC-03) › admin: Overview, Detail, new and edit screens (1.6s)
[WebServer] {"level":30,"time":"2026-10-05T20:11:22.633Z","pid":26242,"hostname":"OB-PC-25-004.local","name":"nightwatch-api","requestId":"3dfd0b13-5f44-4f27-a9eb-1c5e1c0bc945","method":"GET","path":"/api/auth/get-session","status":200,"durationMs":1,"msg":"request completed"}
[WebServer] {"level":30,"time":"2026-10-05T20:11:22.656Z","pid":26242,"hostname":"OB-PC-25-004.local","name":"nightwatch-api","requestId":"8453fc95-fe8d-43cc-82f7-12cb0f49025f","method":"GET","path":"/api/auth/get-session","status":200,"durationMs":1,"msg":"request completed"}
[WebServer] {"level":30,"time":"2026-10-05T20:11:22.775Z","pid":26242,"hostname":"OB-PC-25-004.local","name":"nightwatch-api","requestId":"224416fe-bc7b-4a72-a925-c592e709c67a","method":"POST","path":"/api/auth/sign-in/email","status":200,"durationMs":39,"msg":"request completed"}
[WebServer] {"level":30,"time":"2026-10-05T20:11:22.793Z","pid":26242,"hostname":"OB-PC-25-004.local","name":"nightwatch-api","requestId":"ea7c9500-8b69-4cbf-b152-b5e7984f11e5","method":"GET","path":"/api/auth/get-session","status":200,"durationMs":3,"msg":"request completed"}
[WebServer] {"level":30,"time":"2026-10-05T20:11:22.802Z","pid":26242,"hostname":"OB-PC-25-004.local","name":"nightwatch-api","requestId":"0eb2d397-376b-4c03-b454-c256fd2b83b6","method":"GET","path":"/api/auth/get-session","status":200,"durationMs":4,"msg":"request completed"}
[WebServer] {"level":30,"time":"2026-10-05T20:11:22.807Z","pid":26242,"hostname":"OB-PC-25-004.local","name":"nightwatch-api","requestId":"bc0bbcbc-0743-4f49-be53-f9c54e96ca15","method":"GET","path":"/api/auth/get-session","status":200,"durationMs":2,"msg":"request completed"}
[WebServer] {"level":30,"time":"2026-10-05T20:11:22.812Z","pid":26242,"hostname":"OB-PC-25-004.local","name":"nightwatch-api","requestId":"6ffe15a3-76cf-4b88-a3a6-37ea861925d5","method":"GET","path":"/api/me/context","status":200,"durationMs":3,"msg":"request completed"}
[WebServer] {"level":30,"time":"2026-10-05T20:11:22.825Z","pid":26242,"hostname":"OB-PC-25-004.local","name":"nightwatch-api","requestId":"b93d640b-d5da-464e-893d-faf883e69b6e","method":"GET","path":"/api/organizations/:organizationId/monitors","status":200,"durationMs":11,"msg":"request completed"}
[WebServer] {"level":30,"time":"2026-10-05T20:11:23.016Z","pid":26242,"hostname":"OB-PC-25-004.local","name":"nightwatch-api","requestId":"980ed96b-5a7c-4f1a-8e53-fb9990fa324f","method":"GET","path":"/api/auth/get-session","status":200,"durationMs":3,"msg":"request completed"}
[WebServer] {"level":30,"time":"2026-10-05T20:11:23.041Z","pid":26242,"hostname":"OB-PC-25-004.local","name":"nightwatch-api","requestId":"c792616f-94a2-41f4-8fbf-bbc9fda5df9b","method":"GET","path":"/api/me/context","status":200,"durationMs":4,"msg":"request completed"}
[WebServer] {"level":30,"time":"2026-10-05T20:11:23.055Z","pid":26242,"hostname":"OB-PC-25-004.local","name":"nightwatch-api","requestId":"a4e94bdb-d680-4450-9436-344690d06b2a","method":"GET","path":"/api/organizations/:organizationId/monitors","status":200,"durationMs":11,"msg":"request completed"}
[WebServer] {"level":30,"time":"2026-10-05T20:11:23.066Z","pid":26242,"hostname":"OB-PC-25-004.local","name":"nightwatch-api","requestId":"eff5945f-b93f-4bd1-804f-79fc09ca8606","method":"GET","path":"/api/auth/get-session","status":200,"durationMs":2,"msg":"request completed"}
[WebServer] {"level":30,"time":"2026-10-05T20:11:23.096Z","pid":26242,"hostname":"OB-PC-25-004.local","name":"nightwatch-api","requestId":"3de90478-8504-496c-812c-b23da59d01a6","method":"GET","path":"/api/organizations/:organizationId/monitors/recent-events","status":200,"durationMs":14,"msg":"request completed"}
[WebServer] {"level":30,"time":"2026-10-05T20:11:23.102Z","pid":26242,"hostname":"OB-PC-25-004.local","name":"nightwatch-api","requestId":"bcd66333-d56a-4722-bb84-b59d203f194f","method":"GET","path":"/api/notifications/unread-count","status":200,"durationMs":20,"msg":"request completed"}
[WebServer] {"level":30,"time":"2026-10-05T20:11:23.276Z","pid":26242,"hostname":"OB-PC-25-004.local","name":"nightwatch-api","requestId":"7bb0bda1-8023-49d1-8f8b-fbb9b97c4915","method":"GET","path":"/api/auth/get-session","status":200,"durationMs":6,"msg":"request completed"}
[WebServer] {"level":30,"time":"2026-10-05T20:11:23.281Z","pid":26242,"hostname":"OB-PC-25-004.local","name":"nightwatch-api","requestId":"f6551e00-aa81-406c-8253-a1fb4206d33a","method":"GET","path":"/api/me/context","status":200,"durationMs":2,"msg":"request completed"}
[WebServer] {"level":30,"time":"2026-10-05T20:11:23.295Z","pid":26242,"hostname":"OB-PC-25-004.local","name":"nightwatch-api","requestId":"b2a6a390-1f8b-41ff-9872-2890ee49a779","method":"GET","path":"/api/organizations/:organizationId/monitors/:monitorId","status":200,"durationMs":12,"msg":"request completed"}
[WebServer] {"level":30,"time":"2026-10-05T20:11:23.306Z","pid":26242,"hostname":"OB-PC-25-004.local","name":"nightwatch-api","requestId":"7c42cbe7-88fc-4fa8-9b76-97092b72c075","method":"GET","path":"/api/auth/get-session","status":200,"durationMs":2,"msg":"request completed"}
[WebServer] {"level":30,"time":"2026-10-05T20:11:23.338Z","pid":26242,"hostname":"OB-PC-25-004.local","name":"nightwatch-api","requestId":"b3efc182-6da7-4b37-abf0-0d1892ccda60","method":"GET","path":"/api/organizations/:organizationId/monitors/:monitorId/incidents","status":200,"durationMs":13,"msg":"request completed"}
[WebServer] {"level":30,"time":"2026-10-05T20:11:23.338Z","pid":26242,"hostname":"OB-PC-25-004.local","name":"nightwatch-api","requestId":"8b1a64bb-168d-421b-a15a-92f4db9c619d","method":"GET","path":"/api/notifications/unread-count","status":200,"durationMs":15,"msg":"request completed"}
[WebServer] {"level":30,"time":"2026-10-05T20:11:23.338Z","pid":26242,"hostname":"OB-PC-25-004.local","name":"nightwatch-api","requestId":"a44f9f9c-2a38-404f-9bcf-d0f53d9fcd58","method":"GET","path":"/api/organizations/:organizationId/monitors/:monitorId/checks","status":200,"durationMs":13,"msg":"request completed"}
[WebServer] {"level":30,"time":"2026-10-05T20:11:23.338Z","pid":26242,"hostname":"OB-PC-25-004.local","name":"nightwatch-api","requestId":"400bc54d-55fe-4976-bda5-b2341b42ab71","method":"GET","path":"/api/organizations/:organizationId/monitors/:monitorId/response-times","status":200,"durationMs":14,"msg":"request completed"}
[WebServer] {"level":30,"time":"2026-10-05T20:11:23.338Z","pid":26242,"hostname":"OB-PC-25-004.local","name":"nightwatch-api","requestId":"8cf9f21c-d7de-4e1e-86e9-6a55449bfcfe","method":"GET","path":"/api/organizations/:organizationId/monitors/:monitorId/:segment","status":200,"durationMs":14,"msg":"request completed"}
[WebServer] {"level":30,"time":"2026-10-05T20:11:23.342Z","pid":26242,"hostname":"OB-PC-25-004.local","name":"nightwatch-api","requestId":"48eedd72-970d-4fed-80b3-70b227088969","method":"GET","path":"/api/organizations/:organizationId/monitors","status":200,"durationMs":19,"msg":"request completed"}
[WebServer] {"level":30,"time":"2026-10-05T20:11:23.559Z","pid":26242,"hostname":"OB-PC-25-004.local","name":"nightwatch-api","requestId":"d169063e-235d-40ee-aa52-2c426220cf64","method":"GET","path":"/api/auth/get-session","status":200,"durationMs":3,"msg":"request completed"}
[WebServer] {"level":30,"time":"2026-10-05T20:11:23.563Z","pid":26242,"hostname":"OB-PC-25-004.local","name":"nightwatch-api","requestId":"2d38d39b-76df-4e2e-8a00-4c6d01beab00","method":"GET","path":"/api/me/context","status":200,"durationMs":2,"msg":"request completed"}
[WebServer] {"level":30,"time":"2026-10-05T20:11:23.573Z","pid":26242,"hostname":"OB-PC-25-004.local","name":"nightwatch-api","requestId":"3a85f780-77a5-41a2-8cc8-a7b349fe6880","method":"GET","path":"/api/auth/get-session","status":200,"durationMs":2,"msg":"request completed"}
[WebServer] {"level":30,"time":"2026-10-05T20:11:23.591Z","pid":26242,"hostname":"OB-PC-25-004.local","name":"nightwatch-api","requestId":"031f4ca1-287c-431e-b84f-394781fdaf1e","method":"GET","path":"/api/notifications/unread-count","status":200,"durationMs":11,"msg":"request completed"}
[WebServer] {"level":30,"time":"2026-10-05T20:11:23.593Z","pid":26242,"hostname":"OB-PC-25-004.local","name":"nightwatch-api","requestId":"11e1556e-a0de-4eda-935f-5e49975ce3d5","method":"GET","path":"/api/organizations/:organizationId/monitors","status":200,"durationMs":13,"msg":"request completed"}
[WebServer] {"level":30,"time":"2026-10-05T20:11:23.772Z","pid":26242,"hostname":"OB-PC-25-004.local","name":"nightwatch-api","requestId":"8ea85244-e81e-4f2d-aed6-05031b1ac046","method":"GET","path":"/api/auth/get-session","status":200,"durationMs":4,"msg":"request completed"}
[WebServer] {"level":30,"time":"2026-10-05T20:11:23.777Z","pid":26242,"hostname":"OB-PC-25-004.local","name":"nightwatch-api","requestId":"909632c0-2ed1-426d-a15a-de20b91b3566","method":"GET","path":"/api/me/context","status":200,"durationMs":3,"msg":"request completed"}
[WebServer] {"level":30,"time":"2026-10-05T20:11:23.791Z","pid":26242,"hostname":"OB-PC-25-004.local","name":"nightwatch-api","requestId":"be7b52eb-91fd-428b-9b85-7c5714e39b47","method":"GET","path":"/api/organizations/:organizationId/monitors/:monitorId","status":200,"durationMs":12,"msg":"request completed"}
[WebServer] {"level":30,"time":"2026-10-05T20:11:23.801Z","pid":26242,"hostname":"OB-PC-25-004.local","name":"nightwatch-api","requestId":"588e5846-716e-4b8a-86ca-8789c48ea338","method":"GET","path":"/api/auth/get-session","status":200,"durationMs":3,"msg":"request completed"}
[WebServer] {"level":30,"time":"2026-10-05T20:11:23.808Z","pid":26242,"hostname":"OB-PC-25-004.local","name":"nightwatch-api","requestId":"e72b4435-a5a3-4d96-acd3-5f04eace7921","method":"GET","path":"/api/notifications/unread-count","status":200,"durationMs":8,"msg":"request completed"}
[WebServer] {"level":30,"time":"2026-10-05T20:11:23.809Z","pid":26242,"hostname":"OB-PC-25-004.local","name":"nightwatch-api","requestId":"daa1f38e-d0cf-4f76-9542-8dc8441c9402","method":"GET","path":"/api/organizations/:organizationId/monitors","status":200,"durationMs":9,"msg":"request completed"}
  ✓   3 [chromium] › e2e/tests/monitors-access.spec.ts:100:5 › role x screen table (AC-02, AC-03) › viewer: Overview, Detail, new and edit screens (1.5s)
[WebServer] {"level":30,"time":"2026-10-05T20:11:24.110Z","pid":26242,"hostname":"OB-PC-25-004.local","name":"nightwatch-api","requestId":"5661a47f-a7de-471f-b129-d11a5ccd6428","method":"GET","path":"/api/auth/get-session","status":200,"durationMs":1,"msg":"request completed"}
[WebServer] {"level":30,"time":"2026-10-05T20:11:24.134Z","pid":26242,"hostname":"OB-PC-25-004.local","name":"nightwatch-api","requestId":"d4b13773-5d20-4c8d-9e77-029ac555c9d6","method":"GET","path":"/api/auth/get-session","status":200,"durationMs":0,"msg":"request completed"}
[WebServer] {"level":30,"time":"2026-10-05T20:11:24.256Z","pid":26242,"hostname":"OB-PC-25-004.local","name":"nightwatch-api","requestId":"9cbf72bd-ac25-472a-8bdb-c36d970b34cd","method":"POST","path":"/api/auth/sign-in/email","status":200,"durationMs":38,"msg":"request completed"}
[WebServer] {"level":30,"time":"2026-10-05T20:11:24.273Z","pid":26242,"hostname":"OB-PC-25-004.local","name":"nightwatch-api","requestId":"296f8d00-4f1c-4fd5-b7be-5c578fd12767","method":"GET","path":"/api/auth/get-session","status":200,"durationMs":2,"msg":"request completed"}
[WebServer] {"level":30,"time":"2026-10-05T20:11:24.282Z","pid":26242,"hostname":"OB-PC-25-004.local","name":"nightwatch-api","requestId":"fab643b3-50e2-4077-a043-6c7ddcbce9ba","method":"GET","path":"/api/auth/get-session","status":200,"durationMs":4,"msg":"request completed"}
[WebServer] {"level":30,"time":"2026-10-05T20:11:24.287Z","pid":26242,"hostname":"OB-PC-25-004.local","name":"nightwatch-api","requestId":"b5cb8f91-9145-435a-9c3f-37489ce02bca","method":"GET","path":"/api/auth/get-session","status":200,"durationMs":3,"msg":"request completed"}
[WebServer] {"level":30,"time":"2026-10-05T20:11:24.293Z","pid":26242,"hostname":"OB-PC-25-004.local","name":"nightwatch-api","requestId":"b6bbbd1e-ac89-4f3a-a10b-eee7b395c309","method":"GET","path":"/api/me/context","status":200,"durationMs":3,"msg":"request completed"}
[WebServer] {"level":30,"time":"2026-10-05T20:11:24.308Z","pid":26242,"hostname":"OB-PC-25-004.local","name":"nightwatch-api","requestId":"0761b356-87b0-466c-bbef-b93d9fa76c03","method":"GET","path":"/api/organizations/:organizationId/monitors","status":200,"durationMs":13,"msg":"request completed"}
[WebServer] {"level":30,"time":"2026-10-05T20:11:24.498Z","pid":26242,"hostname":"OB-PC-25-004.local","name":"nightwatch-api","requestId":"e1d86a7b-2cba-429e-9d0c-342ddda7b4b0","method":"GET","path":"/api/auth/get-session","status":200,"durationMs":4,"msg":"request completed"}
[WebServer] {"level":30,"time":"2026-10-05T20:11:24.524Z","pid":26242,"hostname":"OB-PC-25-004.local","name":"nightwatch-api","requestId":"7b5742ac-9e0b-42e1-8866-1f6e08e1aebb","method":"GET","path":"/api/me/context","status":200,"durationMs":5,"msg":"request completed"}
[WebServer] {"level":30,"time":"2026-10-05T20:11:24.533Z","pid":26242,"hostname":"OB-PC-25-004.local","name":"nightwatch-api","requestId":"8e1c0e82-def6-4a52-ada8-ecb17fd51b29","method":"GET","path":"/api/organizations/:organizationId/monitors","status":200,"durationMs":6,"msg":"request completed"}
[WebServer] {"level":30,"time":"2026-10-05T20:11:24.542Z","pid":26242,"hostname":"OB-PC-25-004.local","name":"nightwatch-api","requestId":"2237bd56-62f2-45f7-8c7c-6345b35a3d36","method":"GET","path":"/api/auth/get-session","status":200,"durationMs":2,"msg":"request completed"}
[WebServer] {"level":30,"time":"2026-10-05T20:11:24.573Z","pid":26242,"hostname":"OB-PC-25-004.local","name":"nightwatch-api","requestId":"3d8adfce-a08b-42d6-9f3e-e516ff10c9f4","method":"GET","path":"/api/organizations/:organizationId/monitors/recent-events","status":200,"durationMs":7,"msg":"request completed"}
[WebServer] {"level":30,"time":"2026-10-05T20:11:24.575Z","pid":26242,"hostname":"OB-PC-25-004.local","name":"nightwatch-api","requestId":"ed17f1de-cf21-47a7-8ca2-c28cdbca7dd3","method":"GET","path":"/api/notifications/unread-count","status":200,"durationMs":10,"msg":"request completed"}
[WebServer] {"level":30,"time":"2026-10-05T20:11:24.750Z","pid":26242,"hostname":"OB-PC-25-004.local","name":"nightwatch-api","requestId":"404c84e2-b152-4ada-9190-87cc9a7f5af9","method":"GET","path":"/api/auth/get-session","status":200,"durationMs":3,"msg":"request completed"}
[WebServer] {"level":30,"time":"2026-10-05T20:11:24.756Z","pid":26242,"hostname":"OB-PC-25-004.local","name":"nightwatch-api","requestId":"13389d2a-0d79-4f64-89f2-5ac2c0934e1b","method":"GET","path":"/api/me/context","status":200,"durationMs":3,"msg":"request completed"}
[WebServer] {"level":30,"time":"2026-10-05T20:11:24.771Z","pid":26242,"hostname":"OB-PC-25-004.local","name":"nightwatch-api","requestId":"2d9e618f-4ebd-4981-9c00-1200c7a74b7d","method":"GET","path":"/api/organizations/:organizationId/monitors/:monitorId","status":200,"durationMs":12,"msg":"request completed"}
[WebServer] {"level":30,"time":"2026-10-05T20:11:24.782Z","pid":26242,"hostname":"OB-PC-25-004.local","name":"nightwatch-api","requestId":"05aeb532-1e3b-4996-8bb8-f8e8f8f1d0ec","method":"GET","path":"/api/auth/get-session","status":200,"durationMs":2,"msg":"request completed"}
[WebServer] {"level":30,"time":"2026-10-05T20:11:24.810Z","pid":26242,"hostname":"OB-PC-25-004.local","name":"nightwatch-api","requestId":"d4be846f-eeab-4fed-8cbc-6f1cc25723d2","method":"GET","path":"/api/organizations/:organizationId/monitors/:monitorId/incidents","status":200,"durationMs":9,"msg":"request completed"}
[WebServer] {"level":30,"time":"2026-10-05T20:11:24.810Z","pid":26242,"hostname":"OB-PC-25-004.local","name":"nightwatch-api","requestId":"ea902535-cd90-4d12-a988-dac027791a6a","method":"GET","path":"/api/notifications/unread-count","status":200,"durationMs":11,"msg":"request completed"}
[WebServer] {"level":30,"time":"2026-10-05T20:11:24.810Z","pid":26242,"hostname":"OB-PC-25-004.local","name":"nightwatch-api","requestId":"80413d4f-8a8c-443d-8320-eba34c951a4c","method":"GET","path":"/api/organizations/:organizationId/monitors/:monitorId/response-times","status":200,"durationMs":11,"msg":"request completed"}
[WebServer] {"level":30,"time":"2026-10-05T20:11:24.811Z","pid":26242,"hostname":"OB-PC-25-004.local","name":"nightwatch-api","requestId":"5dc1d846-c4e3-4efb-9412-0f0d17ce799e","method":"GET","path":"/api/organizations/:organizationId/monitors/:monitorId/:segment","status":200,"durationMs":11,"msg":"request completed"}
[WebServer] {"level":30,"time":"2026-10-05T20:11:24.811Z","pid":26242,"hostname":"OB-PC-25-004.local","name":"nightwatch-api","requestId":"30c675cf-6dcb-4799-be2c-3487158bb71a","method":"GET","path":"/api/organizations/:organizationId/monitors","status":200,"durationMs":12,"msg":"request completed"}
[WebServer] {"level":30,"time":"2026-10-05T20:11:24.812Z","pid":26242,"hostname":"OB-PC-25-004.local","name":"nightwatch-api","requestId":"b4931c48-8cab-4f1f-b8c9-7795bbdd0417","method":"GET","path":"/api/organizations/:organizationId/monitors/:monitorId/checks","status":200,"durationMs":11,"msg":"request completed"}
[WebServer] {"level":30,"time":"2026-10-05T20:11:25.010Z","pid":26242,"hostname":"OB-PC-25-004.local","name":"nightwatch-api","requestId":"4437cb8a-f620-415f-9e1a-763967764a83","method":"GET","path":"/api/auth/get-session","status":200,"durationMs":3,"msg":"request completed"}
[WebServer] {"level":30,"time":"2026-10-05T20:11:25.024Z","pid":26242,"hostname":"OB-PC-25-004.local","name":"nightwatch-api","requestId":"665f141b-803f-4e50-8938-167b320074a4","method":"GET","path":"/api/me/context","status":200,"durationMs":3,"msg":"request completed"}
[WebServer] {"level":30,"time":"2026-10-05T20:11:25.034Z","pid":26242,"hostname":"OB-PC-25-004.local","name":"nightwatch-api","requestId":"a33a21cf-8a33-41c3-9000-f39be4de0e6a","method":"GET","path":"/api/auth/get-session","status":200,"durationMs":3,"msg":"request completed"}
[WebServer] {"level":30,"time":"2026-10-05T20:11:25.056Z","pid":26242,"hostname":"OB-PC-25-004.local","name":"nightwatch-api","requestId":"dfcd9dc0-0a4e-40bb-8e93-003f29908700","method":"GET","path":"/api/notifications/unread-count","status":200,"durationMs":13,"msg":"request completed"}
[WebServer] {"level":30,"time":"2026-10-05T20:11:25.056Z","pid":26242,"hostname":"OB-PC-25-004.local","name":"nightwatch-api","requestId":"8c232de5-fe7b-4fd7-a6d3-9770171856e4","method":"GET","path":"/api/organizations/:organizationId/monitors","status":200,"durationMs":13,"msg":"request completed"}
[WebServer] {"level":30,"time":"2026-10-05T20:11:25.222Z","pid":26242,"hostname":"OB-PC-25-004.local","name":"nightwatch-api","requestId":"a9d8d6e5-87a4-41cb-a4c5-32bbc58b5540","method":"GET","path":"/api/auth/get-session","status":200,"durationMs":4,"msg":"request completed"}
[WebServer] {"level":30,"time":"2026-10-05T20:11:25.228Z","pid":26242,"hostname":"OB-PC-25-004.local","name":"nightwatch-api","requestId":"7f7f4e06-b7b8-48ba-99e9-ba830aaf2063","method":"GET","path":"/api/me/context","status":200,"durationMs":3,"msg":"request completed"}
[WebServer] {"level":30,"time":"2026-10-05T20:11:25.239Z","pid":26242,"hostname":"OB-PC-25-004.local","name":"nightwatch-api","requestId":"abfa5745-303b-49e9-ba06-d8db7404b7b6","method":"GET","path":"/api/organizations/:organizationId/monitors/:monitorId","status":200,"durationMs":9,"msg":"request completed"}
[WebServer] {"level":30,"time":"2026-10-05T20:11:25.249Z","pid":26242,"hostname":"OB-PC-25-004.local","name":"nightwatch-api","requestId":"08da088d-f817-4f66-92fb-43a08bff596e","method":"GET","path":"/api/auth/get-session","status":200,"durationMs":2,"msg":"request completed"}
  ✓   4 [chromium] › e2e/tests/monitors-access.spec.ts:100:5 › role x screen table (AC-02, AC-03) › auditor: Overview, Detail, new and edit screens (1.4s)
[WebServer] {"level":30,"time":"2026-10-05T20:11:25.270Z","pid":26242,"hostname":"OB-PC-25-004.local","name":"nightwatch-api","requestId":"46a756c5-d67f-4200-96c4-38fec3a04e59","method":"GET","path":"/api/notifications/unread-count","status":200,"durationMs":16,"msg":"request completed"}
[WebServer] {"level":30,"time":"2026-10-05T20:11:25.275Z","pid":26242,"hostname":"OB-PC-25-004.local","name":"nightwatch-api","requestId":"a3abe518-44bb-47a1-a203-46263db8101a","method":"GET","path":"/api/organizations/:organizationId/monitors","status":200,"durationMs":19,"msg":"request completed"}
[WebServer] {"level":30,"time":"2026-10-05T20:11:25.554Z","pid":26242,"hostname":"OB-PC-25-004.local","name":"nightwatch-api","requestId":"4a159aca-fbd6-437b-9eda-ea3b5bf81c39","method":"GET","path":"/api/auth/get-session","status":200,"durationMs":1,"msg":"request completed"}
[WebServer] {"level":30,"time":"2026-10-05T20:11:25.576Z","pid":26242,"hostname":"OB-PC-25-004.local","name":"nightwatch-api","requestId":"c1d6b606-aa7a-4b76-88ad-8efcf1a5d6e6","method":"GET","path":"/api/auth/get-session","status":200,"durationMs":1,"msg":"request completed"}
[WebServer] {"level":30,"time":"2026-10-05T20:11:25.690Z","pid":26239,"hostname":"OB-PC-25-004.local","name":"nightwatch-worker","tenantId":"08926037-617f-4c23-9c88-fa589a5b606a","monitorId":"adb39340-8788-4089-b6f3-2f63dff9208b","outcome":"pass","failureReason":null,"durationMs":21,"msg":"monitor check finished"}
[WebServer] {"level":30,"time":"2026-10-05T20:11:25.699Z","pid":26242,"hostname":"OB-PC-25-004.local","name":"nightwatch-api","requestId":"8f4b9b50-9449-4017-8305-24d88e28d879","method":"POST","path":"/api/auth/sign-in/email","status":200,"durationMs":38,"msg":"request completed"}
[WebServer] {"level":30,"time":"2026-10-05T20:11:25.716Z","pid":26242,"hostname":"OB-PC-25-004.local","name":"nightwatch-api","requestId":"ebf501e9-db0c-47af-a530-c9e788c289e5","method":"GET","path":"/api/auth/get-session","status":200,"durationMs":3,"msg":"request completed"}
[WebServer] {"level":30,"time":"2026-10-05T20:11:25.723Z","pid":26242,"hostname":"OB-PC-25-004.local","name":"nightwatch-api","requestId":"7d4d0442-9b51-44f0-ac04-f0899c427ce3","method":"GET","path":"/api/auth/get-session","status":200,"durationMs":2,"msg":"request completed"}
[WebServer] {"level":30,"time":"2026-10-05T20:11:25.728Z","pid":26242,"hostname":"OB-PC-25-004.local","name":"nightwatch-api","requestId":"784c8c58-b582-4784-8f19-2822449aeb45","method":"GET","path":"/api/auth/get-session","status":200,"durationMs":2,"msg":"request completed"}
[WebServer] {"level":30,"time":"2026-10-05T20:11:25.733Z","pid":26242,"hostname":"OB-PC-25-004.local","name":"nightwatch-api","requestId":"d32f4ea3-28f2-4471-8f09-19b007678544","method":"GET","path":"/api/me/context","status":200,"durationMs":2,"msg":"request completed"}
[WebServer] {"level":30,"time":"2026-10-05T20:11:25.742Z","pid":26242,"hostname":"OB-PC-25-004.local","name":"nightwatch-api","requestId":"7f0405b1-a52f-4704-84ab-b4a8518f02f3","method":"GET","path":"/api/organizations/:organizationId/monitors","status":200,"durationMs":7,"msg":"request completed"}
[WebServer] {"level":30,"time":"2026-10-05T20:11:25.936Z","pid":26242,"hostname":"OB-PC-25-004.local","name":"nightwatch-api","requestId":"1a951380-5fe5-4f55-89be-4744958bb342","method":"GET","path":"/api/auth/get-session","status":200,"durationMs":5,"msg":"request completed"}
[WebServer] {"level":30,"time":"2026-10-05T20:11:25.960Z","pid":26242,"hostname":"OB-PC-25-004.local","name":"nightwatch-api","requestId":"145a1901-4c0c-484f-8fde-4580dad296ef","method":"GET","path":"/api/me/context","status":200,"durationMs":4,"msg":"request completed"}
[WebServer] {"level":30,"time":"2026-10-05T20:11:25.970Z","pid":26242,"hostname":"OB-PC-25-004.local","name":"nightwatch-api","requestId":"975567a3-524c-45e8-be63-8eb96825ba3e","method":"GET","path":"/api/auth/get-session","status":200,"durationMs":3,"msg":"request completed"}
[WebServer] {"level":30,"time":"2026-10-05T20:11:25.978Z","pid":26242,"hostname":"OB-PC-25-004.local","name":"nightwatch-api","requestId":"b9a9310a-ce56-452e-aedf-4639ceaa0019","method":"GET","path":"/api/notifications/unread-count","status":200,"durationMs":8,"msg":"request completed"}
[WebServer] {"level":30,"time":"2026-10-05T20:11:25.980Z","pid":26242,"hostname":"OB-PC-25-004.local","name":"nightwatch-api","requestId":"3ddf90b6-119c-4eea-a752-a4891ceb1ce6","method":"GET","path":"/api/organizations/:organizationId/monitors","status":200,"durationMs":10,"msg":"request completed"}
[WebServer] {"level":30,"time":"2026-10-05T20:11:26.163Z","pid":26242,"hostname":"OB-PC-25-004.local","name":"nightwatch-api","requestId":"01642b99-0c6f-4cc9-8bf2-fc562351b11c","method":"GET","path":"/api/auth/get-session","status":200,"durationMs":3,"msg":"request completed"}
[WebServer] {"level":30,"time":"2026-10-05T20:11:26.168Z","pid":26242,"hostname":"OB-PC-25-004.local","name":"nightwatch-api","requestId":"a98702a0-4fc1-43e1-a362-a24f14e6b4f2","method":"GET","path":"/api/me/context","status":200,"durationMs":3,"msg":"request completed"}
[WebServer] {"level":30,"time":"2026-10-05T20:11:26.178Z","pid":26242,"hostname":"OB-PC-25-004.local","name":"nightwatch-api","requestId":"37d5db74-1797-48c6-9904-c693e31d77d7","method":"GET","path":"/api/auth/get-session","status":200,"durationMs":3,"msg":"request completed"}
[WebServer] {"level":30,"time":"2026-10-05T20:11:26.188Z","pid":26242,"hostname":"OB-PC-25-004.local","name":"nightwatch-api","requestId":"d21311d2-ca81-49dd-aa63-496673347619","method":"GET","path":"/api/organizations/:organizationId/monitors","status":200,"durationMs":9,"msg":"request completed"}
[WebServer] {"level":30,"time":"2026-10-05T20:11:26.188Z","pid":26242,"hostname":"OB-PC-25-004.local","name":"nightwatch-api","requestId":"972997ea-db13-46ae-bff3-11a40cca418d","method":"GET","path":"/api/notifications/unread-count","status":200,"durationMs":10,"msg":"request completed"}
[WebServer] {"level":30,"time":"2026-10-05T20:11:26.372Z","pid":26242,"hostname":"OB-PC-25-004.local","name":"nightwatch-api","requestId":"52c04c46-9702-4cfe-873b-5de975bbba34","method":"GET","path":"/api/auth/get-session","status":200,"durationMs":5,"msg":"request completed"}
[WebServer] {"level":30,"time":"2026-10-05T20:11:26.377Z","pid":26242,"hostname":"OB-PC-25-004.local","name":"nightwatch-api","requestId":"bf016046-adff-410f-82a6-a72204a8a1ed","method":"GET","path":"/api/me/context","status":200,"durationMs":3,"msg":"request completed"}
[WebServer] {"level":30,"time":"2026-10-05T20:11:26.387Z","pid":26242,"hostname":"OB-PC-25-004.local","name":"nightwatch-api","requestId":"601654fc-71b3-4dad-a03f-33415bd539bb","method":"GET","path":"/api/auth/get-session","status":200,"durationMs":2,"msg":"request completed"}
[WebServer] {"level":30,"time":"2026-10-05T20:11:26.396Z","pid":26242,"hostname":"OB-PC-25-004.local","name":"nightwatch-api","requestId":"9c468182-a4f2-40c8-a8b1-a0f3ffac5ff7","method":"GET","path":"/api/notifications/unread-count","status":200,"durationMs":10,"msg":"request completed"}
[WebServer] {"level":30,"time":"2026-10-05T20:11:26.398Z","pid":26242,"hostname":"OB-PC-25-004.local","name":"nightwatch-api","requestId":"e3b92eab-b1c4-42ce-a195-08e2220a033c","method":"GET","path":"/api/organizations/:organizationId/monitors","status":200,"durationMs":12,"msg":"request completed"}
  ✓   5 [chromium] › e2e/tests/monitors-access.spec.ts:149:3 › role x screen table (AC-02, AC-03) › non-member sees a denied state and no monitor data (1.1s)
[WebServer] {"level":30,"time":"2026-10-05T20:11:26.788Z","pid":26242,"hostname":"OB-PC-25-004.local","name":"nightwatch-api","requestId":"d8206aae-05e9-461a-9c03-9bb547afbb96","method":"GET","path":"/api/auth/get-session","status":200,"durationMs":1,"msg":"request completed"}
[WebServer] {"level":30,"time":"2026-10-05T20:11:26.810Z","pid":26242,"hostname":"OB-PC-25-004.local","name":"nightwatch-api","requestId":"547d4bcb-696a-42fb-81a7-c25389922947","method":"GET","path":"/api/auth/get-session","status":200,"durationMs":0,"msg":"request completed"}
[WebServer] {"level":30,"time":"2026-10-05T20:11:26.932Z","pid":26242,"hostname":"OB-PC-25-004.local","name":"nightwatch-api","requestId":"1cb64bca-d2b1-4ef3-8ad8-3d608c9c1882","method":"POST","path":"/api/auth/sign-in/email","status":200,"durationMs":38,"msg":"request completed"}
[WebServer] {"level":30,"time":"2026-10-05T20:11:26.949Z","pid":26242,"hostname":"OB-PC-25-004.local","name":"nightwatch-api","requestId":"4ed99bfd-2f30-4d8b-9cd1-2cf34fb3e724","method":"GET","path":"/api/auth/get-session","status":200,"durationMs":2,"msg":"request completed"}
[WebServer] {"level":30,"time":"2026-10-05T20:11:26.956Z","pid":26242,"hostname":"OB-PC-25-004.local","name":"nightwatch-api","requestId":"cd99101d-31e1-4073-8c71-a0591b3ead39","method":"GET","path":"/api/auth/get-session","status":200,"durationMs":2,"msg":"request completed"}
[WebServer] {"level":30,"time":"2026-10-05T20:11:26.962Z","pid":26242,"hostname":"OB-PC-25-004.local","name":"nightwatch-api","requestId":"3c8f08dd-599e-43dd-8ac3-9c1b0aed4fe4","method":"GET","path":"/api/auth/get-session","status":200,"durationMs":2,"msg":"request completed"}
[WebServer] {"level":30,"time":"2026-10-05T20:11:26.967Z","pid":26242,"hostname":"OB-PC-25-004.local","name":"nightwatch-api","requestId":"39205053-86bb-48ad-bc02-e0149cd0c865","method":"GET","path":"/api/me/context","status":200,"durationMs":2,"msg":"request completed"}
[WebServer] {"level":30,"time":"2026-10-05T20:11:26.980Z","pid":26242,"hostname":"OB-PC-25-004.local","name":"nightwatch-api","requestId":"9c67839c-3529-496f-aa03-725ecede6b87","method":"GET","path":"/api/organizations/:organizationId/monitors","status":200,"durationMs":11,"msg":"request completed"}
[WebServer] {"level":30,"time":"2026-10-05T20:11:27.172Z","pid":26242,"hostname":"OB-PC-25-004.local","name":"nightwatch-api","requestId":"0a1b4357-63d6-4e18-a9f4-4b20952cdd2b","method":"GET","path":"/api/auth/get-session","status":200,"durationMs":3,"msg":"request completed"}
[WebServer] {"level":30,"time":"2026-10-05T20:11:27.194Z","pid":26242,"hostname":"OB-PC-25-004.local","name":"nightwatch-api","requestId":"4ac11d82-a474-4b2c-845f-378a1159913c","method":"GET","path":"/api/me/context","status":200,"durationMs":4,"msg":"request completed"}
[WebServer] {"level":30,"time":"2026-10-05T20:11:27.203Z","pid":26242,"hostname":"OB-PC-25-004.local","name":"nightwatch-api","requestId":"38a4ec45-ea8c-41ce-93c7-023d9b9bff21","method":"GET","path":"/api/auth/get-session","status":200,"durationMs":2,"msg":"request completed"}
[WebServer] {"level":30,"time":"2026-10-05T20:11:27.230Z","pid":26242,"hostname":"OB-PC-25-004.local","name":"nightwatch-api","requestId":"bb4b5448-91ea-4b1a-9b07-2078b17eb161","method":"GET","path":"/api/notifications/unread-count","status":200,"durationMs":9,"msg":"request completed"}
[WebServer] {"level":30,"time":"2026-10-05T20:11:27.232Z","pid":26242,"hostname":"OB-PC-25-004.local","name":"nightwatch-api","requestId":"0fae817a-e2f0-4f3a-8e94-c9c6e2a7b7dc","method":"GET","path":"/api/organizations/:organizationId/notification-settings","status":200,"durationMs":10,"msg":"request completed"}
[WebServer] {"level":30,"time":"2026-10-05T20:11:27.234Z","pid":26242,"hostname":"OB-PC-25-004.local","name":"nightwatch-api","requestId":"3cd8e2d9-797a-476c-97bd-38c77b1f8af3","method":"GET","path":"/api/organizations/:organizationId/monitors","status":200,"durationMs":12,"msg":"request completed"}
[WebServer] {"level":30,"time":"2026-10-05T20:11:27.520Z","pid":26242,"hostname":"OB-PC-25-004.local","name":"nightwatch-api","requestId":"cf71f815-775b-4fbd-9fac-1084108964ed","method":"GET","path":"/api/auth/get-session","status":200,"durationMs":4,"msg":"request completed"}
[WebServer] {"level":30,"time":"2026-10-05T20:11:27.539Z","pid":26242,"hostname":"OB-PC-25-004.local","name":"nightwatch-api","requestId":"b10bb770-1a26-4d14-9607-ec192ce087ed","method":"GET","path":"/api/me/context","status":200,"durationMs":3,"msg":"request completed"}
[WebServer] {"level":30,"time":"2026-10-05T20:11:27.551Z","pid":26242,"hostname":"OB-PC-25-004.local","name":"nightwatch-api","requestId":"1a2d24aa-aad0-42ff-9ea0-6d28d1a81a5d","method":"GET","path":"/api/auth/get-session","status":200,"durationMs":2,"msg":"request completed"}
[WebServer] {"level":30,"time":"2026-10-05T20:11:27.599Z","pid":26242,"hostname":"OB-PC-25-004.local","name":"nightwatch-api","requestId":"5978efa1-62c6-4c33-a58f-85e11177ea79","method":"GET","path":"/api/organizations/:organizationId/notification-settings","status":200,"durationMs":8,"msg":"request completed"}
[WebServer] {"level":30,"time":"2026-10-05T20:11:27.606Z","pid":26242,"hostname":"OB-PC-25-004.local","name":"nightwatch-api","requestId":"a1acc5c2-460a-46cc-a17c-9bae15844f75","method":"GET","path":"/api/notifications/unread-count","status":200,"durationMs":16,"msg":"request completed"}
[WebServer] {"level":30,"time":"2026-10-05T20:11:27.606Z","pid":26242,"hostname":"OB-PC-25-004.local","name":"nightwatch-api","requestId":"787a75a8-3032-4602-9ad8-07de88f7463e","method":"GET","path":"/api/organizations/:organizationId/monitors","status":200,"durationMs":15,"msg":"request completed"}
[WebServer] {"level":30,"time":"2026-10-05T20:11:27.899Z","pid":26242,"hostname":"OB-PC-25-004.local","name":"nightwatch-api","requestId":"c70499fd-93d6-44b9-b429-68475c4e2194","method":"GET","path":"/api/auth/get-session","status":200,"durationMs":4,"msg":"request completed"}
[WebServer] {"level":30,"time":"2026-10-05T20:11:27.919Z","pid":26242,"hostname":"OB-PC-25-004.local","name":"nightwatch-api","requestId":"4297ef7f-ef1f-4d17-b533-63617f55a518","method":"GET","path":"/api/me/context","status":200,"durationMs":3,"msg":"request completed"}
[WebServer] {"level":30,"time":"2026-10-05T20:11:27.939Z","pid":26242,"hostname":"OB-PC-25-004.local","name":"nightwatch-api","requestId":"c8dc50de-9065-406c-b456-8e469eafd422","method":"GET","path":"/api/organizations/:organizationId/monitors/:monitorId","status":200,"durationMs":13,"msg":"request completed"}
[WebServer] {"level":30,"time":"2026-10-05T20:11:27.950Z","pid":26242,"hostname":"OB-PC-25-004.local","name":"nightwatch-api","requestId":"c77ad393-c88a-4250-a74c-6da79e1230e1","method":"GET","path":"/api/auth/get-session","status":200,"durationMs":2,"msg":"request completed"}
[WebServer] {"level":30,"time":"2026-10-05T20:11:28.010Z","pid":26242,"hostname":"OB-PC-25-004.local","name":"nightwatch-api","requestId":"80288a32-6dad-4adc-bd39-5e11662afe5e","method":"GET","path":"/api/organizations/:organizationId/monitors/:monitorId/:segment","status":200,"durationMs":13,"msg":"request completed"}
[WebServer] {"level":30,"time":"2026-10-05T20:11:28.012Z","pid":26242,"hostname":"OB-PC-25-004.local","name":"nightwatch-api","requestId":"d741b63b-ceff-4d9b-9bfb-07447be62e5e","method":"GET","path":"/api/organizations/:organizationId/monitors/:monitorId/incidents","status":200,"durationMs":13,"msg":"request completed"}
[WebServer] {"level":30,"time":"2026-10-05T20:11:28.012Z","pid":26242,"hostname":"OB-PC-25-004.local","name":"nightwatch-api","requestId":"696bf034-c716-47d4-a2e8-9ae567e41574","method":"GET","path":"/api/organizations/:organizationId/monitors/:monitorId/response-times","status":200,"durationMs":16,"msg":"request completed"}
[WebServer] {"level":30,"time":"2026-10-05T20:11:28.013Z","pid":26242,"hostname":"OB-PC-25-004.local","name":"nightwatch-api","requestId":"922fa870-4c3e-477d-a35e-08986ccca2c8","method":"GET","path":"/api/organizations/:organizationId/monitors/:monitorId/checks","status":200,"durationMs":14,"msg":"request completed"}
[WebServer] {"level":30,"time":"2026-10-05T20:11:28.013Z","pid":26242,"hostname":"OB-PC-25-004.local","name":"nightwatch-api","requestId":"7cb9a8a3-1d2e-44e5-9ae1-74ac15e01058","method":"GET","path":"/api/notifications/unread-count","status":200,"durationMs":18,"msg":"request completed"}
[WebServer] {"level":30,"time":"2026-10-05T20:11:28.014Z","pid":26242,"hostname":"OB-PC-25-004.local","name":"nightwatch-api","requestId":"80e5fb8a-34c1-4bb2-b5f9-2e7dd99826c9","method":"GET","path":"/api/organizations/:organizationId/monitors","status":200,"durationMs":19,"msg":"request completed"}
[WebServer] {"level":30,"time":"2026-10-05T20:11:28.036Z","pid":26242,"hostname":"OB-PC-25-004.local","name":"nightwatch-api","requestId":"1891d7ca-9f7f-49e8-8fe0-46dc30a7069d","method":"GET","path":"/api/organizations/:organizationId/notification-settings","status":200,"durationMs":21,"msg":"request completed"}
[WebServer] {"level":30,"time":"2026-10-05T20:11:28.038Z","pid":26242,"hostname":"OB-PC-25-004.local","name":"nightwatch-api","requestId":"a05df47d-0b5a-4cae-9357-a518dc93daf9","method":"GET","path":"/api/organizations/:organizationId/monitors/:monitorId/:segment","status":200,"durationMs":23,"msg":"request completed"}
[WebServer] {"level":30,"time":"2026-10-05T20:11:28.307Z","pid":26242,"hostname":"OB-PC-25-004.local","name":"nightwatch-api","requestId":"dec68930-0b07-4c19-b250-1b0e71aebbd4","method":"GET","path":"/api/auth/get-session","status":200,"durationMs":4,"msg":"request completed"}
[WebServer] {"level":30,"time":"2026-10-05T20:11:28.328Z","pid":26242,"hostname":"OB-PC-25-004.local","name":"nightwatch-api","requestId":"7db0bb21-42ae-400c-8361-d4968edd384a","method":"GET","path":"/api/me/context","status":200,"durationMs":4,"msg":"request completed"}
[WebServer] {"level":30,"time":"2026-10-05T20:11:28.344Z","pid":26242,"hostname":"OB-PC-25-004.local","name":"nightwatch-api","requestId":"fc3dec13-db72-4ad9-9e9e-a1ca1ea7e8e1","method":"GET","path":"/api/organizations/:organizationId/monitors/:monitorId","status":200,"durationMs":12,"msg":"request completed"}
[WebServer] {"level":30,"time":"2026-10-05T20:11:28.355Z","pid":26242,"hostname":"OB-PC-25-004.local","name":"nightwatch-api","requestId":"525b6961-7b76-4a10-97c0-15fc457346e4","method":"GET","path":"/api/auth/get-session","status":200,"durationMs":2,"msg":"request completed"}
[WebServer] {"level":30,"time":"2026-10-05T20:11:28.410Z","pid":26242,"hostname":"OB-PC-25-004.local","name":"nightwatch-api","requestId":"1e8fbe05-c71b-4a08-b7c1-da8b65583a94","method":"GET","path":"/api/organizations/:organizationId/monitors/:monitorId/incidents","status":200,"durationMs":10,"msg":"request completed"}
[WebServer] {"level":30,"time":"2026-10-05T20:11:28.410Z","pid":26242,"hostname":"OB-PC-25-004.local","name":"nightwatch-api","requestId":"0b3304ce-058d-49e7-8dba-c6bbe870c1a8","method":"GET","path":"/api/organizations/:organizationId/monitors/:monitorId/checks","status":200,"durationMs":10,"msg":"request completed"}
[WebServer] {"level":30,"time":"2026-10-05T20:11:28.410Z","pid":26242,"hostname":"OB-PC-25-004.local","name":"nightwatch-api","requestId":"bf5ab28b-da9e-4520-b5bf-8312a1f53081","method":"GET","path":"/api/organizations/:organizationId/monitors/:monitorId/:segment","status":200,"durationMs":11,"msg":"request completed"}
[WebServer] {"level":30,"time":"2026-10-05T20:11:28.410Z","pid":26242,"hostname":"OB-PC-25-004.local","name":"nightwatch-api","requestId":"4f016c00-60b9-4631-ba72-76a93809bfdc","method":"GET","path":"/api/organizations/:organizationId/monitors/:monitorId/response-times","status":200,"durationMs":12,"msg":"request completed"}
[WebServer] {"level":30,"time":"2026-10-05T20:11:28.411Z","pid":26242,"hostname":"OB-PC-25-004.local","name":"nightwatch-api","requestId":"dc377c58-2c6d-4307-882a-41ed193f9bdb","method":"GET","path":"/api/notifications/unread-count","status":200,"durationMs":13,"msg":"request completed"}
[WebServer] {"level":30,"time":"2026-10-05T20:11:28.414Z","pid":26242,"hostname":"OB-PC-25-004.local","name":"nightwatch-api","requestId":"aac88d68-5ffa-4a86-be36-e2b28a0aa6c4","method":"GET","path":"/api/organizations/:organizationId/monitors","status":200,"durationMs":14,"msg":"request completed"}
[WebServer] {"level":30,"time":"2026-10-05T20:11:28.419Z","pid":26242,"hostname":"OB-PC-25-004.local","name":"nightwatch-api","requestId":"d24d43a5-69ee-453e-a519-957d967299ed","method":"GET","path":"/api/organizations/:organizationId/notification-settings","status":200,"durationMs":4,"msg":"request completed"}
[WebServer] {"level":30,"time":"2026-10-05T20:11:28.420Z","pid":26242,"hostname":"OB-PC-25-004.local","name":"nightwatch-api","requestId":"b79a8c2e-5ebb-4622-abb0-07bed1864115","method":"GET","path":"/api/organizations/:organizationId/monitors/:monitorId/:segment","status":200,"durationMs":6,"msg":"request completed"}
[WebServer] {"level":30,"time":"2026-10-05T20:11:28.467Z","pid":26242,"hostname":"OB-PC-25-004.local","name":"nightwatch-api","requestId":"2192740b-9b17-4f35-a54d-c0d6f98156e9","method":"PATCH","path":"/api/organizations/:organizationId/members/:memberId/role","status":200,"durationMs":7,"msg":"request completed"}
[WebServer] {"level":40,"time":"2026-10-05T20:11:28.499Z","pid":26242,"hostname":"OB-PC-25-004.local","name":"nightwatch-api","actorUserId":"8166d901-0aa9-48fe-a09d-502f3d28bd45","action":"organization.monitor.create","code":"PERMISSION_DENIED","msg":"organization access denied"}
[WebServer] {"level":40,"time":"2026-10-05T20:11:28.499Z","pid":26242,"hostname":"OB-PC-25-004.local","name":"nightwatch-api","requestId":"b0c112b3-9eeb-416b-a261-79a314510d79","code":"PERMISSION_DENIED","msg":"request failed"}
[WebServer] {"level":30,"time":"2026-10-05T20:11:28.500Z","pid":26242,"hostname":"OB-PC-25-004.local","name":"nightwatch-api","requestId":"b0c112b3-9eeb-416b-a261-79a314510d79","method":"POST","path":"/api/organizations/:organizationId/monitors","status":403,"durationMs":5,"msg":"request completed"}
[WebServer] {"level":30,"time":"2026-10-05T20:11:28.512Z","pid":26242,"hostname":"OB-PC-25-004.local","name":"nightwatch-api","requestId":"83641158-45ea-4f08-89b8-9e37d23d6597","method":"GET","path":"/api/me/context","status":200,"durationMs":4,"msg":"request completed"}
[WebServer] {"level":30,"time":"2026-10-05T20:11:28.518Z","pid":26242,"hostname":"OB-PC-25-004.local","name":"nightwatch-api","requestId":"1cf1b4d3-8e77-47be-8cd2-a72f023cf9b3","method":"GET","path":"/api/notifications/unread-count","status":200,"durationMs":10,"msg":"request completed"}
[WebServer] {"level":30,"time":"2026-10-05T20:11:28.532Z","pid":26242,"hostname":"OB-PC-25-004.local","name":"nightwatch-api","requestId":"9b8e4f51-3765-4843-9022-32303d0580bf","method":"GET","path":"/api/notifications/unread-count","status":200,"durationMs":11,"msg":"request completed"}
[WebServer] {"level":40,"time":"2026-10-05T20:11:28.533Z","pid":26242,"hostname":"OB-PC-25-004.local","name":"nightwatch-api","actorUserId":"8166d901-0aa9-48fe-a09d-502f3d28bd45","action":"organization.notification-settings.read","code":"PERMISSION_DENIED","msg":"organization access denied"}
[WebServer] {"level":40,"time":"2026-10-05T20:11:28.533Z","pid":26242,"hostname":"OB-PC-25-004.local","name":"nightwatch-api","requestId":"037a5a5e-983d-4b47-bc9f-6f64bc2b613e","code":"PERMISSION_DENIED","msg":"request failed"}
[WebServer] {"level":30,"time":"2026-10-05T20:11:28.533Z","pid":26242,"hostname":"OB-PC-25-004.local","name":"nightwatch-api","requestId":"037a5a5e-983d-4b47-bc9f-6f64bc2b613e","method":"GET","path":"/api/organizations/:organizationId/notification-settings","status":403,"durationMs":11,"msg":"request completed"}
[WebServer] {"level":30,"time":"2026-10-05T20:11:28.534Z","pid":26242,"hostname":"OB-PC-25-004.local","name":"nightwatch-api","requestId":"c0eb35d9-3f6f-4fed-ae91-d7afe39d99a8","method":"GET","path":"/api/organizations/:organizationId/monitors","status":200,"durationMs":13,"msg":"request completed"}
[WebServer] {"level":40,"time":"2026-10-05T20:11:28.552Z","pid":26242,"hostname":"OB-PC-25-004.local","name":"nightwatch-api","actorUserId":"8166d901-0aa9-48fe-a09d-502f3d28bd45","action":"organization.monitor.test","code":"PERMISSION_DENIED","msg":"organization access denied"}
[WebServer] {"level":40,"time":"2026-10-05T20:11:28.552Z","pid":26242,"hostname":"OB-PC-25-004.local","name":"nightwatch-api","requestId":"9957dea8-bcc8-4302-be85-6caf1df5a5f8","code":"PERMISSION_DENIED","msg":"request failed"}
[WebServer] {"level":30,"time":"2026-10-05T20:11:28.552Z","pid":26242,"hostname":"OB-PC-25-004.local","name":"nightwatch-api","requestId":"9957dea8-bcc8-4302-be85-6caf1df5a5f8","method":"POST","path":"/api/organizations/:organizationId/monitors/test","status":403,"durationMs":8,"msg":"request completed"}
[WebServer] {"level":30,"time":"2026-10-05T20:11:28.580Z","pid":26242,"hostname":"OB-PC-25-004.local","name":"nightwatch-api","requestId":"7b153098-96f2-46d3-8307-5fe8c01ab041","method":"GET","path":"/api/me/context","status":200,"durationMs":3,"msg":"request completed"}
[WebServer] {"level":30,"time":"2026-10-05T20:11:28.590Z","pid":26242,"hostname":"OB-PC-25-004.local","name":"nightwatch-api","requestId":"01421132-492e-4177-bbb1-f0f85dad8f36","method":"GET","path":"/api/notifications/unread-count","status":200,"durationMs":14,"msg":"request completed"}
[WebServer] {"level":40,"time":"2026-10-05T20:11:28.598Z","pid":26242,"hostname":"OB-PC-25-004.local","name":"nightwatch-api","actorUserId":"8166d901-0aa9-48fe-a09d-502f3d28bd45","action":"organization.notification-settings.read","code":"PERMISSION_DENIED","msg":"organization access denied"}
[WebServer] {"level":40,"time":"2026-10-05T20:11:28.598Z","pid":26242,"hostname":"OB-PC-25-004.local","name":"nightwatch-api","requestId":"c408f53c-27b6-4cbd-b593-d5546c7a3c1c","code":"PERMISSION_DENIED","msg":"request failed"}
[WebServer] {"level":30,"time":"2026-10-05T20:11:28.598Z","pid":26242,"hostname":"OB-PC-25-004.local","name":"nightwatch-api","requestId":"c408f53c-27b6-4cbd-b593-d5546c7a3c1c","method":"GET","path":"/api/organizations/:organizationId/notification-settings","status":403,"durationMs":9,"msg":"request completed"}
[WebServer] {"level":30,"time":"2026-10-05T20:11:28.602Z","pid":26242,"hostname":"OB-PC-25-004.local","name":"nightwatch-api","requestId":"39b688e6-5232-4ba8-8b14-3e26fa029b18","method":"GET","path":"/api/organizations/:organizationId/monitors","status":200,"durationMs":13,"msg":"request completed"}
[WebServer] {"level":30,"time":"2026-10-05T20:11:28.603Z","pid":26242,"hostname":"OB-PC-25-004.local","name":"nightwatch-api","requestId":"ced1b8d6-dff0-4f1b-9b5b-b150d120f0c3","method":"GET","path":"/api/notifications/unread-count","status":200,"durationMs":10,"msg":"request completed"}
[WebServer] {"level":40,"time":"2026-10-05T20:11:28.623Z","pid":26242,"hostname":"OB-PC-25-004.local","name":"nightwatch-api","actorUserId":"8166d901-0aa9-48fe-a09d-502f3d28bd45","action":"organization.monitor.pause","code":"PERMISSION_DENIED","msg":"organization access denied"}
[WebServer] {"level":40,"time":"2026-10-05T20:11:28.623Z","pid":26242,"hostname":"OB-PC-25-004.local","name":"nightwatch-api","requestId":"ca6d1b07-b28a-4673-928d-bde313adea62","code":"PERMISSION_DENIED","msg":"request failed"}
[WebServer] {"level":30,"time":"2026-10-05T20:11:28.623Z","pid":26242,"hostname":"OB-PC-25-004.local","name":"nightwatch-api","requestId":"ca6d1b07-b28a-4673-928d-bde313adea62","method":"POST","path":"/api/organizations/:organizationId/monitors/:monitorId/pause","status":403,"durationMs":4,"msg":"request completed"}
[WebServer] {"level":30,"time":"2026-10-05T20:11:28.634Z","pid":26242,"hostname":"OB-PC-25-004.local","name":"nightwatch-api","requestId":"15c62bb9-2543-41ce-ad80-cc858debc008","method":"GET","path":"/api/me/context","status":200,"durationMs":3,"msg":"request completed"}
[WebServer] {"level":30,"time":"2026-10-05T20:11:28.639Z","pid":26242,"hostname":"OB-PC-25-004.local","name":"nightwatch-api","requestId":"6c198d9d-945e-46dc-810d-81aaaf2ed6ab","method":"GET","path":"/api/notifications/unread-count","status":200,"durationMs":8,"msg":"request completed"}
[WebServer] {"level":30,"time":"2026-10-05T20:11:28.671Z","pid":26242,"hostname":"OB-PC-25-004.local","name":"nightwatch-api","requestId":"db3cd1b0-7d89-42b5-b8bf-5c574723de35","method":"GET","path":"/api/notifications/unread-count","status":200,"durationMs":9,"msg":"request completed"}
[WebServer] {"level":30,"time":"2026-10-05T20:11:28.673Z","pid":26242,"hostname":"OB-PC-25-004.local","name":"nightwatch-api","requestId":"8257aa2b-fa9b-4cdf-9767-1b3ef1a2931c","method":"GET","path":"/api/organizations/:organizationId/monitors","status":200,"durationMs":10,"msg":"request completed"}
[WebServer] {"level":30,"time":"2026-10-05T20:11:28.674Z","pid":26242,"hostname":"OB-PC-25-004.local","name":"nightwatch-api","requestId":"177cc620-d0b4-496b-b0bb-7311da4d71bf","method":"GET","path":"/api/organizations/:organizationId/monitors/:monitorId","status":200,"durationMs":11,"msg":"request completed"}
[WebServer] {"level":40,"time":"2026-10-05T20:11:28.685Z","pid":26242,"hostname":"OB-PC-25-004.local","name":"nightwatch-api","actorUserId":"8166d901-0aa9-48fe-a09d-502f3d28bd45","action":"organization.monitor.delete","code":"PERMISSION_DENIED","msg":"organization access denied"}
[WebServer] {"level":40,"time":"2026-10-05T20:11:28.685Z","pid":26242,"hostname":"OB-PC-25-004.local","name":"nightwatch-api","requestId":"b555e00f-eeb8-4b29-a1c7-ba771b87fb48","code":"PERMISSION_DENIED","msg":"request failed"}
[WebServer] {"level":30,"time":"2026-10-05T20:11:28.685Z","pid":26242,"hostname":"OB-PC-25-004.local","name":"nightwatch-api","requestId":"b555e00f-eeb8-4b29-a1c7-ba771b87fb48","method":"DELETE","path":"/api/organizations/:organizationId/monitors/:monitorId","status":403,"durationMs":6,"msg":"request completed"}
[WebServer] {"level":30,"time":"2026-10-05T20:11:28.695Z","pid":26242,"hostname":"OB-PC-25-004.local","name":"nightwatch-api","requestId":"c1a126ed-d62e-43b9-9ce6-af9fe096ea37","method":"GET","path":"/api/organizations/:organizationId/monitors/:monitorId/incidents","status":200,"durationMs":11,"msg":"request completed"}
[WebServer] {"level":30,"time":"2026-10-05T20:11:28.700Z","pid":26242,"hostname":"OB-PC-25-004.local","name":"nightwatch-api","requestId":"a85a0b2c-b4d8-4165-80bc-2ad8293726da","method":"GET","path":"/api/organizations/:organizationId/monitors/:monitorId/response-times","status":200,"durationMs":17,"msg":"request completed"}
[WebServer] {"level":30,"time":"2026-10-05T20:11:28.700Z","pid":26242,"hostname":"OB-PC-25-004.local","name":"nightwatch-api","requestId":"43dbcfa1-a110-42dd-a8ce-051eb1b47d59","method":"GET","path":"/api/organizations/:organizationId/monitors/:monitorId/:segment","status":200,"durationMs":16,"msg":"request completed"}
[WebServer] {"level":30,"time":"2026-10-05T20:11:28.700Z","pid":26242,"hostname":"OB-PC-25-004.local","name":"nightwatch-api","requestId":"f40fc877-71a5-4ecb-880c-057257619015","method":"GET","path":"/api/organizations/:organizationId/monitors/:monitorId/checks","status":200,"durationMs":16,"msg":"request completed"}
[WebServer] {"level":30,"time":"2026-10-05T20:11:28.711Z","pid":26242,"hostname":"OB-PC-25-004.local","name":"nightwatch-api","requestId":"51cbe562-20d3-45ae-8fa2-5d8300ae9ce0","method":"GET","path":"/api/me/context","status":200,"durationMs":4,"msg":"request completed"}
[WebServer] {"level":30,"time":"2026-10-05T20:11:28.719Z","pid":26242,"hostname":"OB-PC-25-004.local","name":"nightwatch-api","requestId":"0dd4b2fb-0af4-4927-b110-f3e481bb8217","method":"GET","path":"/api/notifications/unread-count","status":200,"durationMs":12,"msg":"request completed"}
[WebServer] {"level":30,"time":"2026-10-05T20:11:28.733Z","pid":26242,"hostname":"OB-PC-25-004.local","name":"nightwatch-api","requestId":"c5ebdc45-75aa-420c-a600-107fd799f693","method":"GET","path":"/api/organizations/:organizationId/monitors","status":200,"durationMs":16,"msg":"request completed"}
[WebServer] {"level":30,"time":"2026-10-05T20:11:28.734Z","pid":26242,"hostname":"OB-PC-25-004.local","name":"nightwatch-api","requestId":"bcc546de-46f0-4473-ba86-9af62ec07b9a","method":"GET","path":"/api/notifications/unread-count","status":200,"durationMs":7,"msg":"request completed"}
[WebServer] {"level":30,"time":"2026-10-05T20:11:28.735Z","pid":26242,"hostname":"OB-PC-25-004.local","name":"nightwatch-api","requestId":"dc33a8b8-1a84-469f-b6bb-c35e8a34c01b","method":"GET","path":"/api/organizations/:organizationId/monitors/:monitorId","status":200,"durationMs":16,"msg":"request completed"}
[WebServer] {"level":30,"time":"2026-10-05T20:11:28.753Z","pid":26242,"hostname":"OB-PC-25-004.local","name":"nightwatch-api","requestId":"276734ca-af36-424e-bd2a-e337693326ed","method":"GET","path":"/api/organizations/:organizationId/monitors/:monitorId/incidents","status":200,"durationMs":9,"msg":"request completed"}
[WebServer] {"level":30,"time":"2026-10-05T20:11:28.753Z","pid":26242,"hostname":"OB-PC-25-004.local","name":"nightwatch-api","requestId":"530fdd67-133d-4ae2-9793-cec1a96e354a","method":"GET","path":"/api/organizations/:organizationId/monitors/:monitorId/:segment","status":200,"durationMs":10,"msg":"request completed"}
[WebServer] {"level":30,"time":"2026-10-05T20:11:28.754Z","pid":26242,"hostname":"OB-PC-25-004.local","name":"nightwatch-api","requestId":"8d12b1c7-3664-4179-a61a-23a2de502189","method":"GET","path":"/api/organizations/:organizationId/monitors/:monitorId/response-times","status":200,"durationMs":10,"msg":"request completed"}
[WebServer] {"level":30,"time":"2026-10-05T20:11:28.755Z","pid":26242,"hostname":"OB-PC-25-004.local","name":"nightwatch-api","requestId":"7238bbcf-b4fc-4529-83e3-e0c14cbbe9f3","method":"GET","path":"/api/organizations/:organizationId/monitors/:monitorId/checks","status":200,"durationMs":10,"msg":"request completed"}
[WebServer] {"level":30,"time":"2026-10-05T20:11:28.786Z","pid":26242,"hostname":"OB-PC-25-004.local","name":"nightwatch-api","requestId":"ecd0b65d-4056-4d3f-b32f-2135168d082a","method":"DELETE","path":"/api/organizations/:organizationId/members/:memberId","status":200,"durationMs":5,"msg":"request completed"}
[WebServer] {"level":30,"time":"2026-10-05T20:11:28.985Z","pid":26242,"hostname":"OB-PC-25-004.local","name":"nightwatch-api","requestId":"875a445e-db9e-4872-9d1a-b44ed7448933","method":"GET","path":"/api/auth/get-session","status":200,"durationMs":4,"msg":"request completed"}
[WebServer] {"level":30,"time":"2026-10-05T20:11:29.002Z","pid":26242,"hostname":"OB-PC-25-004.local","name":"nightwatch-api","requestId":"317fee4e-7d18-4d8f-b004-96c8a8ff0c8c","method":"GET","path":"/api/me/context","status":200,"durationMs":4,"msg":"request completed"}
[WebServer] {"level":30,"time":"2026-10-05T20:11:29.013Z","pid":26242,"hostname":"OB-PC-25-004.local","name":"nightwatch-api","requestId":"8136bd2c-44cc-42d3-84ee-a3d709e01b06","method":"GET","path":"/api/auth/get-session","status":200,"durationMs":3,"msg":"request completed"}
[WebServer] {"level":30,"time":"2026-10-05T20:11:29.016Z","pid":26242,"hostname":"OB-PC-25-004.local","name":"nightwatch-api","requestId":"db866dac-4f04-4e55-af42-7a329cbd0ffc","method":"GET","path":"/api/notifications/unread-count","status":200,"durationMs":5,"msg":"request completed"}
  ✓   6 [chromium] › e2e/tests/monitors-access.spec.ts:179:3 › two sessions change the role (AC-49) › form, Detail and dialog refuse after a demotion and keep typed values (2.8s)
[WebServer] {"level":30,"time":"2026-10-05T20:11:29.527Z","pid":26242,"hostname":"OB-PC-25-004.local","name":"nightwatch-api","requestId":"fa110600-7ce5-4e22-a70d-e2881fc3b10a","method":"GET","path":"/api/auth/get-session","status":200,"durationMs":1,"msg":"request completed"}
[WebServer] {"level":30,"time":"2026-10-05T20:11:29.550Z","pid":26242,"hostname":"OB-PC-25-004.local","name":"nightwatch-api","requestId":"5eb20ae3-726a-4ab6-a556-e775448f6c87","method":"GET","path":"/api/auth/get-session","status":200,"durationMs":0,"msg":"request completed"}
[WebServer] {"level":30,"time":"2026-10-05T20:11:29.673Z","pid":26242,"hostname":"OB-PC-25-004.local","name":"nightwatch-api","requestId":"aaf005af-824a-4f35-9c79-6240ecc1cf27","method":"POST","path":"/api/auth/sign-in/email","status":200,"durationMs":38,"msg":"request completed"}
[WebServer] {"level":30,"time":"2026-10-05T20:11:29.690Z","pid":26242,"hostname":"OB-PC-25-004.local","name":"nightwatch-api","requestId":"f82b0ed6-dd62-421d-a918-65349e42c0a7","method":"GET","path":"/api/auth/get-session","status":200,"durationMs":2,"msg":"request completed"}
[WebServer] {"level":30,"time":"2026-10-05T20:11:29.697Z","pid":26242,"hostname":"OB-PC-25-004.local","name":"nightwatch-api","requestId":"1f4f6859-8a23-4237-813d-75c97bf9251b","method":"GET","path":"/api/auth/get-session","status":200,"durationMs":2,"msg":"request completed"}
[WebServer] {"level":30,"time":"2026-10-05T20:11:29.703Z","pid":26242,"hostname":"OB-PC-25-004.local","name":"nightwatch-api","requestId":"8c40dc86-3c9b-4ca8-b7f6-cdc65814c785","method":"GET","path":"/api/auth/get-session","status":200,"durationMs":2,"msg":"request completed"}
[WebServer] {"level":30,"time":"2026-10-05T20:11:29.707Z","pid":26242,"hostname":"OB-PC-25-004.local","name":"nightwatch-api","requestId":"ebe4fe1b-3b0a-45db-86e6-ceedaa7f41e8","method":"GET","path":"/api/me/context","status":200,"durationMs":2,"msg":"request completed"}
[WebServer] {"level":30,"time":"2026-10-05T20:11:29.723Z","pid":26242,"hostname":"OB-PC-25-004.local","name":"nightwatch-api","requestId":"346e9dd8-484d-4caf-9f6b-a8dfb79f8bb2","method":"GET","path":"/api/organizations/:organizationId/monitors","status":200,"durationMs":13,"msg":"request completed"}
[WebServer] {"level":30,"time":"2026-10-05T20:11:29.916Z","pid":26242,"hostname":"OB-PC-25-004.local","name":"nightwatch-api","requestId":"35287cc3-8728-4e10-95d3-9b9a40bc8ce3","method":"GET","path":"/api/auth/get-session","status":200,"durationMs":3,"msg":"request completed"}
[WebServer] {"level":30,"time":"2026-10-05T20:11:29.938Z","pid":26242,"hostname":"OB-PC-25-004.local","name":"nightwatch-api","requestId":"42e6c20a-2f36-4883-804d-04d6a0eec837","method":"GET","path":"/api/me/context","status":200,"durationMs":3,"msg":"request completed"}
[WebServer] {"level":30,"time":"2026-10-05T20:11:29.953Z","pid":26242,"hostname":"OB-PC-25-004.local","name":"nightwatch-api","requestId":"f5320782-ebb8-4a87-9ed6-8ba1e0e72740","method":"GET","path":"/api/organizations/:organizationId/monitors/:monitorId","status":200,"durationMs":11,"msg":"request completed"}
[WebServer] {"level":30,"time":"2026-10-05T20:11:29.963Z","pid":26242,"hostname":"OB-PC-25-004.local","name":"nightwatch-api","requestId":"28a06aa2-040c-49dd-b57d-f469e5cdb1ca","method":"GET","path":"/api/auth/get-session","status":200,"durationMs":2,"msg":"request completed"}
[WebServer] {"level":30,"time":"2026-10-05T20:11:29.999Z","pid":26242,"hostname":"OB-PC-25-004.local","name":"nightwatch-api","requestId":"31288d49-c05d-484d-9a83-30a7ed18b743","method":"GET","path":"/api/notifications/unread-count","status":200,"durationMs":12,"msg":"request completed"}
[WebServer] {"level":30,"time":"2026-10-05T20:11:29.999Z","pid":26242,"hostname":"OB-PC-25-004.local","name":"nightwatch-api","requestId":"071a272c-6dc0-4387-a90e-e8acfd5821d8","method":"GET","path":"/api/organizations/:organizationId/monitors/:monitorId/:segment","status":200,"durationMs":12,"msg":"request completed"}
[WebServer] {"level":30,"time":"2026-10-05T20:11:30.000Z","pid":26242,"hostname":"OB-PC-25-004.local","name":"nightwatch-api","requestId":"3d553625-3ecf-4733-b860-9522cacfa647","method":"GET","path":"/api/organizations/:organizationId/monitors/:monitorId/incidents","status":200,"durationMs":12,"msg":"request completed"}
[WebServer] {"level":30,"time":"2026-10-05T20:11:30.000Z","pid":26242,"hostname":"OB-PC-25-004.local","name":"nightwatch-api","requestId":"56db1fc9-099b-4565-9120-1b48246b912b","method":"GET","path":"/api/organizations/:organizationId/monitors/:monitorId/checks","status":200,"durationMs":12,"msg":"request completed"}
[WebServer] {"level":30,"time":"2026-10-05T20:11:30.000Z","pid":26242,"hostname":"OB-PC-25-004.local","name":"nightwatch-api","requestId":"d1b599e9-3340-4430-9874-8320a6af7e8f","method":"GET","path":"/api/organizations/:organizationId/monitors/:monitorId/response-times","status":200,"durationMs":13,"msg":"request completed"}
[WebServer] {"level":30,"time":"2026-10-05T20:11:30.003Z","pid":26242,"hostname":"OB-PC-25-004.local","name":"nightwatch-api","requestId":"ff53df91-3d47-4d19-bd6d-a17ae546183e","method":"GET","path":"/api/organizations/:organizationId/monitors","status":200,"durationMs":16,"msg":"request completed"}
[WebServer] {"level":30,"time":"2026-10-05T20:11:30.007Z","pid":26242,"hostname":"OB-PC-25-004.local","name":"nightwatch-api","requestId":"e0f2ee78-a51b-43c4-a450-f84bc0f7d588","method":"GET","path":"/api/organizations/:organizationId/notification-settings","status":200,"durationMs":6,"msg":"request completed"}
[WebServer] {"level":30,"time":"2026-10-05T20:11:30.008Z","pid":26242,"hostname":"OB-PC-25-004.local","name":"nightwatch-api","requestId":"49582199-a401-4e3b-a14e-63055c8fded6","method":"GET","path":"/api/organizations/:organizationId/monitors/:monitorId/:segment","status":200,"durationMs":6,"msg":"request completed"}
[WebServer] {"level":30,"time":"2026-10-05T20:11:30.308Z","pid":26242,"hostname":"OB-PC-25-004.local","name":"nightwatch-api","requestId":"c8d11b2d-671b-422e-99f9-58bf47ee4a8f","method":"GET","path":"/api/auth/get-session","status":200,"durationMs":3,"msg":"request completed"}
[WebServer] {"level":30,"time":"2026-10-05T20:11:30.330Z","pid":26242,"hostname":"OB-PC-25-004.local","name":"nightwatch-api","requestId":"9e640d56-cad3-400e-b2f0-10d60b03e94d","method":"GET","path":"/api/me/context","status":200,"durationMs":4,"msg":"request completed"}
[WebServer] {"level":30,"time":"2026-10-05T20:11:30.346Z","pid":26242,"hostname":"OB-PC-25-004.local","name":"nightwatch-api","requestId":"98fb7289-722b-4ca6-8a24-28ea88cb0ba5","method":"GET","path":"/api/organizations/:organizationId/monitors/:monitorId","status":200,"durationMs":13,"msg":"request completed"}
[WebServer] {"level":30,"time":"2026-10-05T20:11:30.357Z","pid":26242,"hostname":"OB-PC-25-004.local","name":"nightwatch-api","requestId":"29455fb7-0dc9-4758-a8f3-20d44abbcb64","method":"GET","path":"/api/auth/get-session","status":200,"durationMs":2,"msg":"request completed"}
[WebServer] {"level":30,"time":"2026-10-05T20:11:30.407Z","pid":26242,"hostname":"OB-PC-25-004.local","name":"nightwatch-api","requestId":"98916de6-9b35-4317-9167-96c596b7b79f","method":"GET","path":"/api/notifications/unread-count","status":200,"durationMs":11,"msg":"request completed"}
[WebServer] {"level":30,"time":"2026-10-05T20:11:30.409Z","pid":26242,"hostname":"OB-PC-25-004.local","name":"nightwatch-api","requestId":"8fd846aa-1d7f-4978-b7b9-7aba2543a63d","method":"GET","path":"/api/organizations/:organizationId/notification-settings","status":200,"durationMs":13,"msg":"request completed"}
[WebServer] {"level":30,"time":"2026-10-05T20:11:30.409Z","pid":26242,"hostname":"OB-PC-25-004.local","name":"nightwatch-api","requestId":"78c3aad7-0cdb-411d-a4ed-88ef54b26e1c","method":"GET","path":"/api/organizations/:organizationId/monitors","status":200,"durationMs":13,"msg":"request completed"}
[WebServer] {"level":30,"time":"2026-10-05T20:11:30.433Z","pid":26242,"hostname":"OB-PC-25-004.local","name":"nightwatch-api","requestId":"d27202a1-28b5-4336-8dd0-d10152e72a90","method":"DELETE","path":"/api/organizations/:organizationId/members/:memberId","status":200,"durationMs":7,"msg":"request completed"}
[WebServer] {"level":40,"time":"2026-10-05T20:11:30.455Z","pid":26242,"hostname":"OB-PC-25-004.local","name":"nightwatch-api","actorUserId":"c0d96cd2-44de-4e86-af74-b8ec9c9dcfea","action":"organization.monitor.update","code":"MEMBERSHIP_DENIED","msg":"organization access denied"}
[WebServer] {"level":40,"time":"2026-10-05T20:11:30.455Z","pid":26242,"hostname":"OB-PC-25-004.local","name":"nightwatch-api","requestId":"e6b63b89-fbbf-42fb-8505-2059fdca834a","code":"MEMBERSHIP_DENIED","msg":"request failed"}
[WebServer] {"level":30,"time":"2026-10-05T20:11:30.455Z","pid":26242,"hostname":"OB-PC-25-004.local","name":"nightwatch-api","requestId":"e6b63b89-fbbf-42fb-8505-2059fdca834a","method":"PATCH","path":"/api/organizations/:organizationId/monitors/:monitorId","status":403,"durationMs":4,"msg":"request completed"}
[WebServer] {"level":30,"time":"2026-10-05T20:11:30.482Z","pid":26242,"hostname":"OB-PC-25-004.local","name":"nightwatch-api","requestId":"909ef3a9-ef0b-424d-83cf-233e7a47b3be","method":"GET","path":"/api/me/context","status":200,"durationMs":3,"msg":"request completed"}
[WebServer] {"level":30,"time":"2026-10-05T20:11:30.484Z","pid":26242,"hostname":"OB-PC-25-004.local","name":"nightwatch-api","requestId":"db044156-c450-4638-ad61-40cf3f65cb27","method":"GET","path":"/api/notifications/unread-count","status":200,"durationMs":6,"msg":"request completed"}
[WebServer] {"level":30,"time":"2026-10-05T20:11:30.494Z","pid":26242,"hostname":"OB-PC-25-004.local","name":"nightwatch-api","requestId":"6f886d4d-dd01-4c04-8634-8757581181c7","method":"GET","path":"/api/notifications/unread-count","status":200,"durationMs":8,"msg":"request completed"}
[WebServer] {"level":30,"time":"2026-10-05T20:11:30.660Z","pid":26242,"hostname":"OB-PC-25-004.local","name":"nightwatch-api","requestId":"70d85ef2-e1fc-4297-b8e1-c81a97150ed6","method":"GET","path":"/api/auth/get-session","status":200,"durationMs":2,"msg":"request completed"}
[WebServer] {"level":30,"time":"2026-10-05T20:11:30.665Z","pid":26242,"hostname":"OB-PC-25-004.local","name":"nightwatch-api","requestId":"48b78b6f-ccfb-4b03-be55-0c3866c6ad2f","method":"GET","path":"/api/me/context","status":200,"durationMs":2,"msg":"request completed"}
[WebServer] {"level":30,"time":"2026-10-05T20:11:30.676Z","pid":26242,"hostname":"OB-PC-25-004.local","name":"nightwatch-api","requestId":"0c229cd7-0a05-40b5-a1b5-c017cbda9977","method":"GET","path":"/api/auth/get-session","status":200,"durationMs":2,"msg":"request completed"}
[WebServer] {"level":30,"time":"2026-10-05T20:11:30.678Z","pid":26242,"hostname":"OB-PC-25-004.local","name":"nightwatch-api","requestId":"aa26ea77-cfff-43b7-a945-3e051d399927","method":"GET","path":"/api/notifications/unread-count","status":200,"durationMs":3,"msg":"request completed"}
  ✓   7 [chromium] › e2e/tests/monitors-access.spec.ts:267:3 › two sessions change the role (AC-49) › removal while Detail and the form are open leaves no data behind (1.6s)
[WebServer] {"level":30,"time":"2026-10-05T20:11:31.039Z","pid":26242,"hostname":"OB-PC-25-004.local","name":"nightwatch-api","requestId":"16f14603-ad2b-4b7e-b821-be6a119b2609","method":"GET","path":"/api/auth/get-session","status":200,"durationMs":1,"msg":"request completed"}
[WebServer] {"level":30,"time":"2026-10-05T20:11:31.063Z","pid":26242,"hostname":"OB-PC-25-004.local","name":"nightwatch-api","requestId":"7adba6c5-0bc3-468a-9c04-20ee5a672c21","method":"GET","path":"/api/auth/get-session","status":200,"durationMs":0,"msg":"request completed"}
[WebServer] {"level":30,"time":"2026-10-05T20:11:31.184Z","pid":26242,"hostname":"OB-PC-25-004.local","name":"nightwatch-api","requestId":"4003cbc3-d27c-4e51-b632-a4a24b8d67e8","method":"POST","path":"/api/auth/sign-in/email","status":200,"durationMs":40,"msg":"request completed"}
[WebServer] {"level":30,"time":"2026-10-05T20:11:31.201Z","pid":26242,"hostname":"OB-PC-25-004.local","name":"nightwatch-api","requestId":"d00f4569-8caf-4f97-89f7-c4dd4c18894a","method":"GET","path":"/api/auth/get-session","status":200,"durationMs":3,"msg":"request completed"}
[WebServer] {"level":30,"time":"2026-10-05T20:11:31.209Z","pid":26242,"hostname":"OB-PC-25-004.local","name":"nightwatch-api","requestId":"2fd65c0c-c1f9-4d87-b38a-331dfe6a8df6","method":"GET","path":"/api/auth/get-session","status":200,"durationMs":3,"msg":"request completed"}
[WebServer] {"level":30,"time":"2026-10-05T20:11:31.214Z","pid":26242,"hostname":"OB-PC-25-004.local","name":"nightwatch-api","requestId":"c1e298df-9668-46bf-a379-60e18a9b966d","method":"GET","path":"/api/auth/get-session","status":200,"durationMs":3,"msg":"request completed"}
[WebServer] {"level":30,"time":"2026-10-05T20:11:31.219Z","pid":26242,"hostname":"OB-PC-25-004.local","name":"nightwatch-api","requestId":"f9937e16-295f-440c-9284-9f9dcdfc8ab0","method":"GET","path":"/api/me/context","status":200,"durationMs":3,"msg":"request completed"}
[WebServer] {"level":30,"time":"2026-10-05T20:11:31.232Z","pid":26242,"hostname":"OB-PC-25-004.local","name":"nightwatch-api","requestId":"6c5b7913-286b-4e36-944c-f331e70f36b2","method":"GET","path":"/api/organizations/:organizationId/monitors","status":200,"durationMs":11,"msg":"request completed"}
[WebServer] {"level":30,"time":"2026-10-05T20:11:31.421Z","pid":26242,"hostname":"OB-PC-25-004.local","name":"nightwatch-api","requestId":"93d1f29f-81ef-4fca-9178-9a8235cc0ac3","method":"GET","path":"/api/auth/get-session","status":200,"durationMs":4,"msg":"request completed"}
[WebServer] {"level":30,"time":"2026-10-05T20:11:31.444Z","pid":26242,"hostname":"OB-PC-25-004.local","name":"nightwatch-api","requestId":"ede7aefb-0e36-403c-bd4a-41138323dddf","method":"GET","path":"/api/me/context","status":200,"durationMs":4,"msg":"request completed"}
[WebServer] {"level":30,"time":"2026-10-05T20:11:31.456Z","pid":26242,"hostname":"OB-PC-25-004.local","name":"nightwatch-api","requestId":"158ea6cd-f131-4e24-87e4-f54641a2d080","method":"GET","path":"/api/organizations/:organizationId/monitors/:monitorId","status":200,"durationMs":11,"msg":"request completed"}
[WebServer] {"level":30,"time":"2026-10-05T20:11:31.466Z","pid":26242,"hostname":"OB-PC-25-004.local","name":"nightwatch-api","requestId":"0cbaa00e-4af2-497a-a76b-88ae1e739a57","method":"GET","path":"/api/auth/get-session","status":200,"durationMs":2,"msg":"request completed"}
[WebServer] {"level":30,"time":"2026-10-05T20:11:31.479Z","pid":26242,"hostname":"OB-PC-25-004.local","name":"nightwatch-api","requestId":"271d2619-a4a8-4060-bcba-49bf6f92f379","method":"GET","path":"/api/organizations/:organizationId/notification-settings","status":200,"durationMs":6,"msg":"request completed"}
[WebServer] {"level":30,"time":"2026-10-05T20:11:31.484Z","pid":26242,"hostname":"OB-PC-25-004.local","name":"nightwatch-api","requestId":"d00da156-d334-4e31-bd5d-a4a248e1f2e0","method":"GET","path":"/api/notifications/unread-count","status":200,"durationMs":11,"msg":"request completed"}
[WebServer] {"level":30,"time":"2026-10-05T20:11:31.484Z","pid":26242,"hostname":"OB-PC-25-004.local","name":"nightwatch-api","requestId":"b1e518a1-1182-499c-96f0-ab9eb291dc68","method":"GET","path":"/api/organizations/:organizationId/monitors","status":200,"durationMs":12,"msg":"request completed"}
[WebServer] {"level":30,"time":"2026-10-05T20:11:31.722Z","pid":26242,"hostname":"OB-PC-25-004.local","name":"nightwatch-api","userId":"1cfd0614-af57-4721-a167-6ff4f0b9c406","organizationId":"b2c970b7-2f56-465d-9a7c-303a5856cb10","msg":"active organization changed"}
[WebServer] {"level":30,"time":"2026-10-05T20:11:31.723Z","pid":26242,"hostname":"OB-PC-25-004.local","name":"nightwatch-api","requestId":"5be7cfdf-afbd-4c81-b457-eae434acf445","method":"PATCH","path":"/api/me/active-org","status":200,"durationMs":9,"msg":"request completed"}
[WebServer] {"level":30,"time":"2026-10-05T20:11:31.733Z","pid":26242,"hostname":"OB-PC-25-004.local","name":"nightwatch-api","requestId":"4bd61ac9-b7f8-430c-8a17-d7fae8e951e8","method":"GET","path":"/api/auth/get-session","status":200,"durationMs":3,"msg":"request completed"}
[WebServer] {"level":30,"time":"2026-10-05T20:11:31.740Z","pid":26242,"hostname":"OB-PC-25-004.local","name":"nightwatch-api","requestId":"69d231fd-5d2f-4cbf-bbb2-67d7fe7d0666","method":"GET","path":"/api/notifications/unread-count","status":200,"durationMs":10,"msg":"request completed"}
[WebServer] {"level":30,"time":"2026-10-05T20:11:31.741Z","pid":26242,"hostname":"OB-PC-25-004.local","name":"nightwatch-api","requestId":"c95dc194-d76a-4418-8567-d6759f046f3f","method":"GET","path":"/api/organizations/:organizationId/monitors","status":200,"durationMs":11,"msg":"request completed"}
  ✓   8 [chromium] › e2e/tests/monitors-access.spec.ts:314:3 › two sessions change the role (AC-49) › Organization switch on the Edit page leaves it for the new Organization (985ms)
[WebServer] {"level":30,"time":"2026-10-05T20:11:32.054Z","pid":26242,"hostname":"OB-PC-25-004.local","name":"nightwatch-api","requestId":"5473d064-1149-4eb6-a4f3-aa66cf3635b3","method":"GET","path":"/api/auth/get-session","status":200,"durationMs":1,"msg":"request completed"}
[WebServer] {"level":30,"time":"2026-10-05T20:11:32.078Z","pid":26242,"hostname":"OB-PC-25-004.local","name":"nightwatch-api","requestId":"64a6a350-2382-4e6e-a435-a3b040154eb8","method":"GET","path":"/api/auth/get-session","status":200,"durationMs":1,"msg":"request completed"}
[WebServer] {"level":30,"time":"2026-10-05T20:11:32.198Z","pid":26242,"hostname":"OB-PC-25-004.local","name":"nightwatch-api","requestId":"2a0b8bf1-7b2d-4b1e-8965-3b815fb80c05","method":"POST","path":"/api/auth/sign-in/email","status":200,"durationMs":38,"msg":"request completed"}
[WebServer] {"level":30,"time":"2026-10-05T20:11:32.216Z","pid":26242,"hostname":"OB-PC-25-004.local","name":"nightwatch-api","requestId":"ef69d813-9a20-4e3c-8acd-ca8624583707","method":"GET","path":"/api/auth/get-session","status":200,"durationMs":3,"msg":"request completed"}
[WebServer] {"level":30,"time":"2026-10-05T20:11:32.223Z","pid":26242,"hostname":"OB-PC-25-004.local","name":"nightwatch-api","requestId":"be65c545-c8e3-4102-a1e2-a5e269f8978b","method":"GET","path":"/api/auth/get-session","status":200,"durationMs":2,"msg":"request completed"}
[WebServer] {"level":30,"time":"2026-10-05T20:11:32.228Z","pid":26242,"hostname":"OB-PC-25-004.local","name":"nightwatch-api","requestId":"5bb1f5fe-8500-4677-b925-d82a2298f5bd","method":"GET","path":"/api/auth/get-session","status":200,"durationMs":2,"msg":"request completed"}
[WebServer] {"level":30,"time":"2026-10-05T20:11:32.232Z","pid":26242,"hostname":"OB-PC-25-004.local","name":"nightwatch-api","requestId":"bf80d831-8d98-401a-a7a7-22ffad3f1a2b","method":"GET","path":"/api/me/context","status":200,"durationMs":2,"msg":"request completed"}
[WebServer] {"level":30,"time":"2026-10-05T20:11:32.246Z","pid":26242,"hostname":"OB-PC-25-004.local","name":"nightwatch-api","requestId":"1794fd7b-3419-42f8-ace8-2a940bd23a65","method":"GET","path":"/api/organizations/:organizationId/monitors","status":200,"durationMs":12,"msg":"request completed"}
[WebServer] {"level":30,"time":"2026-10-05T20:11:32.437Z","pid":26242,"hostname":"OB-PC-25-004.local","name":"nightwatch-api","requestId":"24420518-c3a5-4172-b84b-606a13a0e826","method":"GET","path":"/api/auth/get-session","status":200,"durationMs":3,"msg":"request completed"}
[WebServer] {"level":30,"time":"2026-10-05T20:11:32.461Z","pid":26242,"hostname":"OB-PC-25-004.local","name":"nightwatch-api","requestId":"15a0e1a6-e3d1-4153-b993-b0aaf71c4ac3","method":"GET","path":"/api/me/context","status":200,"durationMs":4,"msg":"request completed"}
[WebServer] {"level":30,"time":"2026-10-05T20:11:32.476Z","pid":26242,"hostname":"OB-PC-25-004.local","name":"nightwatch-api","requestId":"5cda7f47-b7e9-44bb-9419-e74018ce6cd0","method":"GET","path":"/api/organizations/:organizationId/monitors","status":200,"durationMs":12,"msg":"request completed"}
[WebServer] {"level":30,"time":"2026-10-05T20:11:32.487Z","pid":26242,"hostname":"OB-PC-25-004.local","name":"nightwatch-api","requestId":"aa10e490-a297-45c9-9cb4-6094d87eb407","method":"GET","path":"/api/auth/get-session","status":200,"durationMs":2,"msg":"request completed"}
[WebServer] {"level":30,"time":"2026-10-05T20:11:32.499Z","pid":26242,"hostname":"OB-PC-25-004.local","name":"nightwatch-api","requestId":"91dc2d99-a67a-4e64-8030-35e8aff8dc42","method":"GET","path":"/api/organizations/:organizationId/monitors/recent-events","status":200,"durationMs":6,"msg":"request completed"}
[WebServer] {"level":30,"time":"2026-10-05T20:11:32.500Z","pid":26242,"hostname":"OB-PC-25-004.local","name":"nightwatch-api","requestId":"4c54a2eb-7af3-4e8c-ac4b-f4943a3dc839","method":"GET","path":"/api/notifications/unread-count","status":200,"durationMs":8,"msg":"request completed"}
[WebServer] {"level":30,"time":"2026-10-05T20:11:32.501Z","pid":26242,"hostname":"OB-PC-25-004.local","name":"nightwatch-api","requestId":"eae502f1-d880-4015-9e34-b537ff0e4dd8","method":"GET","path":"/api/organizations/:organizationId/monitors","status":200,"durationMs":9,"msg":"request completed"}
[WebServer] {"level":30,"time":"2026-10-05T20:11:32.927Z","pid":26242,"hostname":"OB-PC-25-004.local","name":"nightwatch-api","requestId":"2b8a302d-64bf-41a1-8a1c-10d5dd80aed8","method":"GET","path":"/api/organizations/:organizationId/monitors","status":200,"durationMs":17,"msg":"request completed"}
  ✓   9 [chromium] › e2e/tests/monitors-access.spec.ts:374:5 › keyboard and screen structure, light theme (AC-20 to AC-23) › Overview: Tab order, filter announcement, table name, status words (1.6s)
[WebServer] {"level":30,"time":"2026-10-05T20:11:33.717Z","pid":26242,"hostname":"OB-PC-25-004.local","name":"nightwatch-api","requestId":"e9616ce2-6384-4daa-aa8e-21f1f628b4f2","method":"GET","path":"/api/auth/get-session","status":200,"durationMs":1,"msg":"request completed"}
[WebServer] {"level":30,"time":"2026-10-05T20:11:33.740Z","pid":26242,"hostname":"OB-PC-25-004.local","name":"nightwatch-api","requestId":"ffd3fe13-7cbf-44a6-83d3-fd94527085a1","method":"GET","path":"/api/auth/get-session","status":200,"durationMs":1,"msg":"request completed"}
[WebServer] {"level":30,"time":"2026-10-05T20:11:33.857Z","pid":26242,"hostname":"OB-PC-25-004.local","name":"nightwatch-api","requestId":"27c1ff50-931d-4978-94b6-f702b437b02d","method":"POST","path":"/api/auth/sign-in/email","status":200,"durationMs":38,"msg":"request completed"}
[WebServer] {"level":30,"time":"2026-10-05T20:11:33.875Z","pid":26242,"hostname":"OB-PC-25-004.local","name":"nightwatch-api","requestId":"730899ea-43b5-4157-a5ab-75967751fdaf","method":"GET","path":"/api/auth/get-session","status":200,"durationMs":4,"msg":"request completed"}
[WebServer] {"level":30,"time":"2026-10-05T20:11:33.881Z","pid":26242,"hostname":"OB-PC-25-004.local","name":"nightwatch-api","requestId":"51f722f5-b88d-437c-a165-2dbb6161040d","method":"GET","path":"/api/auth/get-session","status":200,"durationMs":2,"msg":"request completed"}
[WebServer] {"level":30,"time":"2026-10-05T20:11:33.887Z","pid":26242,"hostname":"OB-PC-25-004.local","name":"nightwatch-api","requestId":"6527bdc0-468d-414d-8577-14dffacec930","method":"GET","path":"/api/auth/get-session","status":200,"durationMs":2,"msg":"request completed"}
[WebServer] {"level":30,"time":"2026-10-05T20:11:33.892Z","pid":26242,"hostname":"OB-PC-25-004.local","name":"nightwatch-api","requestId":"6aaf0cc2-db16-4785-b8d1-1816a2f06c5b","method":"GET","path":"/api/me/context","status":200,"durationMs":2,"msg":"request completed"}
[WebServer] {"level":30,"time":"2026-10-05T20:11:33.905Z","pid":26242,"hostname":"OB-PC-25-004.local","name":"nightwatch-api","requestId":"2a0f1138-117a-4975-af14-7cec7e01ee92","method":"GET","path":"/api/organizations/:organizationId/monitors","status":200,"durationMs":11,"msg":"request completed"}
[WebServer] {"level":30,"time":"2026-10-05T20:11:34.047Z","pid":26242,"hostname":"OB-PC-25-004.local","name":"nightwatch-api","requestId":"b7c716ea-9102-4b95-9c42-bf686d93a9f7","method":"GET","path":"/api/auth/get-session","status":200,"durationMs":3,"msg":"request completed"}
[WebServer] {"level":30,"time":"2026-10-05T20:11:34.097Z","pid":26242,"hostname":"OB-PC-25-004.local","name":"nightwatch-api","requestId":"404c863a-dbe2-49cc-8eae-ff4b2ce8ff9f","method":"GET","path":"/api/me/context","status":200,"durationMs":4,"msg":"request completed"}
[WebServer] {"level":30,"time":"2026-10-05T20:11:34.108Z","pid":26242,"hostname":"OB-PC-25-004.local","name":"nightwatch-api","requestId":"ba1a6420-7673-4915-ab5d-bf30a527ad3d","method":"GET","path":"/api/auth/get-session","status":200,"durationMs":3,"msg":"request completed"}
[WebServer] {"level":30,"time":"2026-10-05T20:11:34.134Z","pid":26242,"hostname":"OB-PC-25-004.local","name":"nightwatch-api","requestId":"a4b1599e-5ace-4896-8335-67940b309fae","method":"GET","path":"/api/organizations/:organizationId/notification-settings","status":200,"durationMs":6,"msg":"request completed"}
[WebServer] {"level":30,"time":"2026-10-05T20:11:34.137Z","pid":26242,"hostname":"OB-PC-25-004.local","name":"nightwatch-api","requestId":"b6806c54-5faa-4b93-9fae-9f42400748a4","method":"GET","path":"/api/notifications/unread-count","status":200,"durationMs":11,"msg":"request completed"}
[WebServer] {"level":30,"time":"2026-10-05T20:11:34.139Z","pid":26242,"hostname":"OB-PC-25-004.local","name":"nightwatch-api","requestId":"e1a3522c-ee3f-4ee7-a9f1-4cf3fdef9c9b","method":"GET","path":"/api/organizations/:organizationId/monitors","status":200,"durationMs":13,"msg":"request completed"}
[WebServer] {"level":30,"time":"2026-10-05T20:11:34.202Z","pid":26242,"hostname":"OB-PC-25-004.local","name":"nightwatch-api","requestId":"0634014a-f03d-441a-be00-25cd633441be","method":"POST","path":"/api/organizations/:organizationId/monitors/test","status":200,"durationMs":11,"msg":"request completed"}
  ✓  10 [chromium] › e2e/tests/monitors-access.spec.ts:424:5 › keyboard and screen structure, light theme (AC-20 to AC-23) › Form: first invalid field takes focus, errors are described, Test keeps focus, radiogroup uses arrows, rows are named (952ms)
[WebServer] {"level":30,"time":"2026-10-05T20:11:34.666Z","pid":26242,"hostname":"OB-PC-25-004.local","name":"nightwatch-api","requestId":"4fb26088-9b5a-414f-94f4-4865932a16e8","method":"GET","path":"/api/auth/get-session","status":200,"durationMs":1,"msg":"request completed"}
[WebServer] {"level":30,"time":"2026-10-05T20:11:34.689Z","pid":26242,"hostname":"OB-PC-25-004.local","name":"nightwatch-api","requestId":"3f5ac26b-f761-484d-81a5-773a58a2c179","method":"GET","path":"/api/auth/get-session","status":200,"durationMs":1,"msg":"request completed"}
[WebServer] {"level":30,"time":"2026-10-05T20:11:34.807Z","pid":26242,"hostname":"OB-PC-25-004.local","name":"nightwatch-api","requestId":"5503defb-8a0b-4dae-98d9-571a320f34d0","method":"POST","path":"/api/auth/sign-in/email","status":200,"durationMs":38,"msg":"request completed"}
[WebServer] {"level":30,"time":"2026-10-05T20:11:34.825Z","pid":26242,"hostname":"OB-PC-25-004.local","name":"nightwatch-api","requestId":"8fcf6ed5-f791-444e-9f4d-123e64f1e152","method":"GET","path":"/api/auth/get-session","status":200,"durationMs":4,"msg":"request completed"}
[WebServer] {"level":30,"time":"2026-10-05T20:11:34.834Z","pid":26242,"hostname":"OB-PC-25-004.local","name":"nightwatch-api","requestId":"2d8c33e9-93c4-48ef-b075-542f0f8fce7d","method":"GET","path":"/api/auth/get-session","status":200,"durationMs":4,"msg":"request completed"}
[WebServer] {"level":30,"time":"2026-10-05T20:11:34.841Z","pid":26242,"hostname":"OB-PC-25-004.local","name":"nightwatch-api","requestId":"0e4389d9-eb31-48fe-8a0d-f03b171841b4","method":"GET","path":"/api/auth/get-session","status":200,"durationMs":4,"msg":"request completed"}
[WebServer] {"level":30,"time":"2026-10-05T20:11:34.847Z","pid":26242,"hostname":"OB-PC-25-004.local","name":"nightwatch-api","requestId":"90e98041-bb24-4eb6-8593-4166ffeda961","method":"GET","path":"/api/me/context","status":200,"durationMs":4,"msg":"request completed"}
[WebServer] {"level":30,"time":"2026-10-05T20:11:34.862Z","pid":26242,"hostname":"OB-PC-25-004.local","name":"nightwatch-api","requestId":"a16f1b31-84e4-4788-8cbc-b57e8701beba","method":"GET","path":"/api/organizations/:organizationId/monitors","status":200,"durationMs":12,"msg":"request completed"}
[WebServer] {"level":30,"time":"2026-10-05T20:11:35.051Z","pid":26242,"hostname":"OB-PC-25-004.local","name":"nightwatch-api","requestId":"e4f937b2-4c8a-44a4-ab96-bcb0e30ec6e8","method":"GET","path":"/api/auth/get-session","status":200,"durationMs":3,"msg":"request completed"}
[WebServer] {"level":30,"time":"2026-10-05T20:11:35.073Z","pid":26242,"hostname":"OB-PC-25-004.local","name":"nightwatch-api","requestId":"c4ac2cc9-2b8b-4790-b5f7-92b2efcf88e9","method":"GET","path":"/api/me/context","status":200,"durationMs":3,"msg":"request completed"}
[WebServer] {"level":30,"time":"2026-10-05T20:11:35.086Z","pid":26242,"hostname":"OB-PC-25-004.local","name":"nightwatch-api","requestId":"53be39bc-81ca-4292-9a88-84413270115a","method":"GET","path":"/api/organizations/:organizationId/monitors/:monitorId","status":200,"durationMs":12,"msg":"request completed"}
[WebServer] {"level":30,"time":"2026-10-05T20:11:35.097Z","pid":26242,"hostname":"OB-PC-25-004.local","name":"nightwatch-api","requestId":"bbc0de57-efec-4c6c-a477-9ddc596c56b3","method":"GET","path":"/api/auth/get-session","status":200,"durationMs":2,"msg":"request completed"}
[WebServer] {"level":30,"time":"2026-10-05T20:11:35.130Z","pid":26242,"hostname":"OB-PC-25-004.local","name":"nightwatch-api","requestId":"502a368a-6f6a-4378-aeac-05e64bee2074","method":"GET","path":"/api/notifications/unread-count","status":200,"durationMs":12,"msg":"request completed"}
[WebServer] {"level":30,"time":"2026-10-05T20:11:35.131Z","pid":26242,"hostname":"OB-PC-25-004.local","name":"nightwatch-api","requestId":"011d4268-20bb-4481-86a0-5340f1ba2c68","method":"GET","path":"/api/organizations/:organizationId/monitors/:monitorId/incidents","status":200,"durationMs":10,"msg":"request completed"}
[WebServer] {"level":30,"time":"2026-10-05T20:11:35.131Z","pid":26242,"hostname":"OB-PC-25-004.local","name":"nightwatch-api","requestId":"dc8d34c7-4812-495c-86d2-6aa0b3614167","method":"GET","path":"/api/organizations/:organizationId/monitors/:monitorId/response-times","status":200,"durationMs":12,"msg":"request completed"}
[WebServer] {"level":30,"time":"2026-10-05T20:11:35.131Z","pid":26242,"hostname":"OB-PC-25-004.local","name":"nightwatch-api","requestId":"90c24143-705d-4119-8d17-87f4969c673d","method":"GET","path":"/api/organizations/:organizationId/monitors/:monitorId/checks","status":200,"durationMs":10,"msg":"request completed"}
[WebServer] {"level":30,"time":"2026-10-05T20:11:35.132Z","pid":26242,"hostname":"OB-PC-25-004.local","name":"nightwatch-api","requestId":"2580a1e2-15be-44bf-9619-74703b1fc999","method":"GET","path":"/api/organizations/:organizationId/monitors/:monitorId/:segment","status":200,"durationMs":12,"msg":"request completed"}
[WebServer] {"level":30,"time":"2026-10-05T20:11:35.136Z","pid":26242,"hostname":"OB-PC-25-004.local","name":"nightwatch-api","requestId":"0b4e2b20-c0dd-4944-afaf-48ea351ed0db","method":"GET","path":"/api/organizations/:organizationId/monitors","status":200,"durationMs":17,"msg":"request completed"}
[WebServer] {"level":30,"time":"2026-10-05T20:11:35.141Z","pid":26242,"hostname":"OB-PC-25-004.local","name":"nightwatch-api","requestId":"c452236c-8309-4340-986e-81c7e3197bd6","method":"GET","path":"/api/organizations/:organizationId/notification-settings","status":200,"durationMs":7,"msg":"request completed"}
[WebServer] {"level":30,"time":"2026-10-05T20:11:35.143Z","pid":26242,"hostname":"OB-PC-25-004.local","name":"nightwatch-api","requestId":"433e05a4-25ce-46bd-92c4-41fa370fab24","method":"GET","path":"/api/organizations/:organizationId/monitors/:monitorId/:segment","status":200,"durationMs":8,"msg":"request completed"}
[WebServer] {"level":30,"time":"2026-10-05T20:11:35.205Z","pid":26242,"hostname":"OB-PC-25-004.local","name":"nightwatch-api","requestId":"5a0d89b2-f14e-479e-90d1-087129dc9a00","method":"POST","path":"/api/organizations/:organizationId/monitors/:monitorId/pause","status":200,"durationMs":14,"msg":"request completed"}
[WebServer] {"level":30,"time":"2026-10-05T20:11:35.217Z","pid":26242,"hostname":"OB-PC-25-004.local","name":"nightwatch-api","requestId":"2e6e52e9-9b4a-4b05-b2ab-1df8ff7f3fae","method":"GET","path":"/api/organizations/:organizationId/monitors/:monitorId/:segment","status":200,"durationMs":7,"msg":"request completed"}
[WebServer] {"level":30,"time":"2026-10-05T20:11:35.219Z","pid":26242,"hostname":"OB-PC-25-004.local","name":"nightwatch-api","requestId":"18d8ef0f-8472-4599-a0a8-6e95dba11c17","method":"GET","path":"/api/organizations/:organizationId/monitors/:monitorId/incidents","status":200,"durationMs":9,"msg":"request completed"}
[WebServer] {"level":30,"time":"2026-10-05T20:11:35.219Z","pid":26242,"hostname":"OB-PC-25-004.local","name":"nightwatch-api","requestId":"e6dacef2-780c-4c74-a14f-9803e0e72a30","method":"GET","path":"/api/organizations/:organizationId/monitors/:monitorId/response-times","status":200,"durationMs":10,"msg":"request completed"}
[WebServer] {"level":30,"time":"2026-10-05T20:11:35.219Z","pid":26242,"hostname":"OB-PC-25-004.local","name":"nightwatch-api","requestId":"bef427ed-d5a0-456a-bd77-13f588cc865e","method":"GET","path":"/api/organizations/:organizationId/monitors/:monitorId/checks","status":200,"durationMs":9,"msg":"request completed"}
[WebServer] {"level":30,"time":"2026-10-05T20:11:35.221Z","pid":26242,"hostname":"OB-PC-25-004.local","name":"nightwatch-api","requestId":"e64d369f-e526-443d-80e2-4ce866cd3f2a","method":"GET","path":"/api/organizations/:organizationId/monitors/:monitorId/:segment","status":200,"durationMs":11,"msg":"request completed"}
[WebServer] {"level":30,"time":"2026-10-05T20:11:35.222Z","pid":26242,"hostname":"OB-PC-25-004.local","name":"nightwatch-api","requestId":"106c8fe2-9df4-42a1-838f-57b5be5c33a6","method":"GET","path":"/api/organizations/:organizationId/monitors/:monitorId","status":200,"durationMs":13,"msg":"request completed"}
[WebServer] {"level":30,"time":"2026-10-05T20:11:35.304Z","pid":26242,"hostname":"OB-PC-25-004.local","name":"nightwatch-api","requestId":"6289bc94-5208-4fa0-a623-d2d577a69903","method":"POST","path":"/api/organizations/:organizationId/monitors/:monitorId/resume","status":200,"durationMs":12,"msg":"request completed"}
[WebServer] {"level":30,"time":"2026-10-05T20:11:35.318Z","pid":26242,"hostname":"OB-PC-25-004.local","name":"nightwatch-api","requestId":"06938ccc-2ead-45b5-bed9-cdbbb3f8b9db","method":"GET","path":"/api/organizations/:organizationId/monitors/:monitorId/incidents","status":200,"durationMs":9,"msg":"request completed"}
[WebServer] {"level":30,"time":"2026-10-05T20:11:35.318Z","pid":26242,"hostname":"OB-PC-25-004.local","name":"nightwatch-api","requestId":"8365c514-ee70-410d-bdf6-399150396f54","method":"GET","path":"/api/organizations/:organizationId/monitors/:monitorId/checks","status":200,"durationMs":10,"msg":"request completed"}
[WebServer] {"level":30,"time":"2026-10-05T20:11:35.319Z","pid":26242,"hostname":"OB-PC-25-004.local","name":"nightwatch-api","requestId":"78292634-97d2-4614-af9c-ae1aba5d7585","method":"GET","path":"/api/organizations/:organizationId/monitors/:monitorId/:segment","status":200,"durationMs":10,"msg":"request completed"}
[WebServer] {"level":30,"time":"2026-10-05T20:11:35.319Z","pid":26242,"hostname":"OB-PC-25-004.local","name":"nightwatch-api","requestId":"100f2cf1-0239-49c0-a7ba-dd2383433074","method":"GET","path":"/api/organizations/:organizationId/monitors/:monitorId/response-times","status":200,"durationMs":11,"msg":"request completed"}
[WebServer] {"level":30,"time":"2026-10-05T20:11:35.319Z","pid":26242,"hostname":"OB-PC-25-004.local","name":"nightwatch-api","requestId":"bb24a1f0-f7b5-4480-9d64-5853f0589492","method":"GET","path":"/api/organizations/:organizationId/monitors/:monitorId/:segment","status":200,"durationMs":11,"msg":"request completed"}
[WebServer] {"level":30,"time":"2026-10-05T20:11:35.322Z","pid":26242,"hostname":"OB-PC-25-004.local","name":"nightwatch-api","requestId":"7b145757-4c47-4374-bb80-16ea8e0c84e2","method":"GET","path":"/api/organizations/:organizationId/monitors/:monitorId","status":200,"durationMs":14,"msg":"request completed"}
  ✓  11 [chromium] › e2e/tests/monitors-access.spec.ts:485:5 › keyboard and screen structure, light theme (AC-20 to AC-23) › Detail: headings in order, chart table, Delete dialog focus, Pause keeps focus (1.0s)
[WebServer] {"level":30,"time":"2026-10-05T20:11:35.441Z","pid":26242,"hostname":"OB-PC-25-004.local","name":"nightwatch-api","requestId":"28bc26d0-0122-42e9-b638-e3e7ea6e20db","method":"POST","path":"/api/organizations/:organizationId/monitors","status":201,"durationMs":14,"msg":"request completed"}
[WebServer] {"level":30,"time":"2026-10-05T20:11:35.679Z","pid":26239,"hostname":"OB-PC-25-004.local","name":"nightwatch-worker","tenantId":"08926037-617f-4c23-9c88-fa589a5b606a","monitorId":"adb39340-8788-4089-b6f3-2f63dff9208b","outcome":"pass","failureReason":null,"durationMs":15,"msg":"monitor check finished"}
[WebServer] {"level":30,"time":"2026-10-05T20:11:35.681Z","pid":26239,"hostname":"OB-PC-25-004.local","name":"nightwatch-worker","tenantId":"08926037-617f-4c23-9c88-fa589a5b606a","monitorId":"fa89315c-1f7c-47fe-b402-97ab89b26516","outcome":"pass","failureReason":null,"durationMs":10,"msg":"monitor check finished"}
[WebServer] {"level":30,"time":"2026-10-05T20:11:35.701Z","pid":26242,"hostname":"OB-PC-25-004.local","name":"nightwatch-api","requestId":"86acfe36-2d5a-4e27-b888-9fb43f6e08f9","method":"GET","path":"/api/auth/get-session","status":200,"durationMs":1,"msg":"request completed"}
[WebServer] {"level":30,"time":"2026-10-05T20:11:35.724Z","pid":26242,"hostname":"OB-PC-25-004.local","name":"nightwatch-api","requestId":"9841d334-9cb7-44ea-92c2-e1271b9634c5","method":"GET","path":"/api/auth/get-session","status":200,"durationMs":0,"msg":"request completed"}
[WebServer] {"level":30,"time":"2026-10-05T20:11:35.851Z","pid":26242,"hostname":"OB-PC-25-004.local","name":"nightwatch-api","requestId":"85ca7d71-20d3-433f-a468-cc57272e92ff","method":"POST","path":"/api/auth/sign-in/email","status":200,"durationMs":40,"msg":"request completed"}
[WebServer] {"level":30,"time":"2026-10-05T20:11:35.867Z","pid":26242,"hostname":"OB-PC-25-004.local","name":"nightwatch-api","requestId":"be9b2eba-2912-4bd6-aff2-c3d79f807923","method":"GET","path":"/api/auth/get-session","status":200,"durationMs":3,"msg":"request completed"}
[WebServer] {"level":30,"time":"2026-10-05T20:11:35.875Z","pid":26242,"hostname":"OB-PC-25-004.local","name":"nightwatch-api","requestId":"904e4da0-cd7c-4bc9-9e09-f29e795ac2e9","method":"GET","path":"/api/auth/get-session","status":200,"durationMs":3,"msg":"request completed"}
[WebServer] {"level":30,"time":"2026-10-05T20:11:35.879Z","pid":26242,"hostname":"OB-PC-25-004.local","name":"nightwatch-api","requestId":"aef7ae28-8107-4ae6-939c-693b194c41a4","method":"GET","path":"/api/auth/get-session","status":200,"durationMs":2,"msg":"request completed"}
[WebServer] {"level":30,"time":"2026-10-05T20:11:35.886Z","pid":26242,"hostname":"OB-PC-25-004.local","name":"nightwatch-api","requestId":"ed1f3b6c-5e2d-461d-847a-1d745184cef8","method":"GET","path":"/api/me/context","status":200,"durationMs":4,"msg":"request completed"}
[WebServer] {"level":30,"time":"2026-10-05T20:11:35.898Z","pid":26242,"hostname":"OB-PC-25-004.local","name":"nightwatch-api","requestId":"d36ad647-9652-4d40-8979-f566b5c9d7b8","method":"GET","path":"/api/organizations/:organizationId/monitors","status":200,"durationMs":10,"msg":"request completed"}
[WebServer] {"level":30,"time":"2026-10-05T20:11:36.086Z","pid":26242,"hostname":"OB-PC-25-004.local","name":"nightwatch-api","requestId":"b31fbd55-e91d-4681-86a1-a5cbb37beaba","method":"GET","path":"/api/auth/get-session","status":200,"durationMs":3,"msg":"request completed"}
[WebServer] {"level":30,"time":"2026-10-05T20:11:36.111Z","pid":26242,"hostname":"OB-PC-25-004.local","name":"nightwatch-api","requestId":"2e62b7b7-a57a-43fd-b126-2362ef355252","method":"GET","path":"/api/me/context","status":200,"durationMs":3,"msg":"request completed"}
[WebServer] {"level":30,"time":"2026-10-05T20:11:36.125Z","pid":26242,"hostname":"OB-PC-25-004.local","name":"nightwatch-api","requestId":"db176a6d-7445-40f1-9265-cb1d2b845b93","method":"GET","path":"/api/organizations/:organizationId/monitors/:monitorId","status":200,"durationMs":12,"msg":"request completed"}
[WebServer] {"level":30,"time":"2026-10-05T20:11:36.135Z","pid":26242,"hostname":"OB-PC-25-004.local","name":"nightwatch-api","requestId":"089fee6a-7b17-414c-ad6f-6638d1eafda6","method":"GET","path":"/api/auth/get-session","status":200,"durationMs":2,"msg":"request completed"}
[WebServer] {"level":30,"time":"2026-10-05T20:11:36.157Z","pid":26242,"hostname":"OB-PC-25-004.local","name":"nightwatch-api","requestId":"687f19db-9a87-4a84-9659-45c70b74ae3b","method":"GET","path":"/api/organizations/:organizationId/monitors/:monitorId/response-times","status":200,"durationMs":10,"msg":"request completed"}
[WebServer] {"level":30,"time":"2026-10-05T20:11:36.157Z","pid":26242,"hostname":"OB-PC-25-004.local","name":"nightwatch-api","requestId":"ca82998a-131b-463b-aba6-95504fb74195","method":"GET","path":"/api/organizations/:organizationId/monitors/:monitorId/incidents","status":200,"durationMs":9,"msg":"request completed"}
[WebServer] {"level":30,"time":"2026-10-05T20:11:36.157Z","pid":26242,"hostname":"OB-PC-25-004.local","name":"nightwatch-api","requestId":"ae56075f-8685-4407-b6ff-4ac89aaef74e","method":"GET","path":"/api/organizations/:organizationId/monitors/:monitorId/checks","status":200,"durationMs":10,"msg":"request completed"}
[WebServer] {"level":30,"time":"2026-10-05T20:11:36.159Z","pid":26242,"hostname":"OB-PC-25-004.local","name":"nightwatch-api","requestId":"a1f91378-1c54-4421-a434-2c3c5e46e9ec","method":"GET","path":"/api/organizations/:organizationId/monitors/:monitorId/:segment","status":200,"durationMs":12,"msg":"request completed"}
[WebServer] {"level":30,"time":"2026-10-05T20:11:36.160Z","pid":26242,"hostname":"OB-PC-25-004.local","name":"nightwatch-api","requestId":"8b6a1f3e-922a-4471-a989-d7d7ef618464","method":"GET","path":"/api/notifications/unread-count","status":200,"durationMs":14,"msg":"request completed"}
[WebServer] {"level":30,"time":"2026-10-05T20:11:36.162Z","pid":26242,"hostname":"OB-PC-25-004.local","name":"nightwatch-api","requestId":"21eff927-1d99-4d88-bf2e-1195beb3aad2","method":"GET","path":"/api/organizations/:organizationId/monitors","status":200,"durationMs":16,"msg":"request completed"}
[WebServer] {"level":30,"time":"2026-10-05T20:11:36.165Z","pid":26242,"hostname":"OB-PC-25-004.local","name":"nightwatch-api","requestId":"7ec5bcda-c6f4-4275-8150-4de2a37664f1","method":"GET","path":"/api/organizations/:organizationId/notification-settings","status":200,"durationMs":7,"msg":"request completed"}
[WebServer] {"level":30,"time":"2026-10-05T20:11:36.166Z","pid":26242,"hostname":"OB-PC-25-004.local","name":"nightwatch-api","requestId":"bc78a117-c540-4786-a48c-19a7afad6f78","method":"GET","path":"/api/organizations/:organizationId/monitors/:monitorId/:segment","status":200,"durationMs":8,"msg":"request completed"}
[WebServer] {"level":30,"time":"2026-10-05T20:11:36.403Z","pid":26242,"hostname":"OB-PC-25-004.local","name":"nightwatch-api","requestId":"ad824557-f07b-4f5c-a208-3d89059d313f","method":"DELETE","path":"/api/organizations/:organizationId/monitors/:monitorId","status":204,"durationMs":11,"msg":"request completed"}
[WebServer] {"level":30,"time":"2026-10-05T20:11:36.413Z","pid":26242,"hostname":"OB-PC-25-004.local","name":"nightwatch-api","requestId":"5517d47d-5ecd-4339-ba35-aa4366fbddcf","method":"GET","path":"/api/auth/get-session","status":200,"durationMs":2,"msg":"request completed"}
[WebServer] {"level":30,"time":"2026-10-05T20:11:36.428Z","pid":26242,"hostname":"OB-PC-25-004.local","name":"nightwatch-api","requestId":"bfb95299-cf11-4661-84af-da53c86543d2","method":"GET","path":"/api/organizations/:organizationId/monitors","status":200,"durationMs":11,"msg":"request completed"}
[WebServer] {"level":30,"time":"2026-10-05T20:11:36.449Z","pid":26242,"hostname":"OB-PC-25-004.local","name":"nightwatch-api","requestId":"c5ca6f7c-e661-41d7-acce-2def433bfd4b","method":"GET","path":"/api/auth/get-session","status":200,"durationMs":2,"msg":"request completed"}
[WebServer] {"level":30,"time":"2026-10-05T20:11:36.451Z","pid":26242,"hostname":"OB-PC-25-004.local","name":"nightwatch-api","requestId":"30b5f819-4bbe-4b8c-b96e-fa8e43cc0e08","method":"GET","path":"/api/auth/get-session","status":200,"durationMs":1,"msg":"request completed"}
[WebServer] {"level":30,"time":"2026-10-05T20:11:36.453Z","pid":26242,"hostname":"OB-PC-25-004.local","name":"nightwatch-api","requestId":"91697293-d27a-4534-a38f-e3f9e2ae82bc","method":"GET","path":"/api/organizations/:organizationId/monitors/recent-events","status":200,"durationMs":7,"msg":"request completed"}
  ✓  12 [chromium] › e2e/tests/monitors-access.spec.ts:535:5 › keyboard and screen structure, light theme (AC-20 to AC-23) › Delete confirm returns focus to the Overview heading (1.1s)
[WebServer] {"level":30,"time":"2026-10-05T20:11:36.800Z","pid":26242,"hostname":"OB-PC-25-004.local","name":"nightwatch-api","requestId":"0ab6a697-c7d1-4318-b60d-3f3bc3913336","method":"GET","path":"/api/auth/get-session","status":200,"durationMs":1,"msg":"request completed"}
[WebServer] {"level":30,"time":"2026-10-05T20:11:36.823Z","pid":26242,"hostname":"OB-PC-25-004.local","name":"nightwatch-api","requestId":"fbf9793d-7061-4f7a-973e-61068f8909d6","method":"GET","path":"/api/auth/get-session","status":200,"durationMs":0,"msg":"request completed"}
[WebServer] {"level":30,"time":"2026-10-05T20:11:36.940Z","pid":26242,"hostname":"OB-PC-25-004.local","name":"nightwatch-api","requestId":"d049607e-88cc-4aef-b1d1-3abd4b4e6255","method":"POST","path":"/api/auth/sign-in/email","status":200,"durationMs":38,"msg":"request completed"}
[WebServer] {"level":30,"time":"2026-10-05T20:11:36.957Z","pid":26242,"hostname":"OB-PC-25-004.local","name":"nightwatch-api","requestId":"45e06f40-8afd-4aef-9fb6-823b4033e728","method":"GET","path":"/api/auth/get-session","status":200,"durationMs":3,"msg":"request completed"}
[WebServer] {"level":30,"time":"2026-10-05T20:11:36.965Z","pid":26242,"hostname":"OB-PC-25-004.local","name":"nightwatch-api","requestId":"7875b75e-4875-4cc6-9255-2463c2cb04f7","method":"GET","path":"/api/auth/get-session","status":200,"durationMs":2,"msg":"request completed"}
[WebServer] {"level":30,"time":"2026-10-05T20:11:36.970Z","pid":26242,"hostname":"OB-PC-25-004.local","name":"nightwatch-api","requestId":"f2206914-ddfd-40b3-ad5f-4106acd6ece3","method":"GET","path":"/api/auth/get-session","status":200,"durationMs":3,"msg":"request completed"}
[WebServer] {"level":30,"time":"2026-10-05T20:11:36.975Z","pid":26242,"hostname":"OB-PC-25-004.local","name":"nightwatch-api","requestId":"e6ace00d-07ba-4353-824b-a00c5f490a45","method":"GET","path":"/api/me/context","status":200,"durationMs":3,"msg":"request completed"}
[WebServer] {"level":30,"time":"2026-10-05T20:11:36.988Z","pid":26242,"hostname":"OB-PC-25-004.local","name":"nightwatch-api","requestId":"3192a449-3829-4d23-a0e8-8c5cc8e0ea7d","method":"GET","path":"/api/organizations/:organizationId/monitors","status":200,"durationMs":11,"msg":"request completed"}
[WebServer] {"level":30,"time":"2026-10-05T20:11:37.177Z","pid":26242,"hostname":"OB-PC-25-004.local","name":"nightwatch-api","requestId":"3386f375-4679-4758-8016-9c23f533acc4","method":"GET","path":"/api/auth/get-session","status":200,"durationMs":3,"msg":"request completed"}
[WebServer] {"level":30,"time":"2026-10-05T20:11:37.199Z","pid":26242,"hostname":"OB-PC-25-004.local","name":"nightwatch-api","requestId":"9c2f06ed-c362-40c3-bc2c-3d3cd4d73cdc","method":"GET","path":"/api/me/context","status":200,"durationMs":3,"msg":"request completed"}
[WebServer] {"level":30,"time":"2026-10-05T20:11:37.212Z","pid":26242,"hostname":"OB-PC-25-004.local","name":"nightwatch-api","requestId":"489e8914-b991-4c3d-a026-c44ede6df066","method":"GET","path":"/api/organizations/:organizationId/monitors","status":200,"durationMs":11,"msg":"request completed"}
[WebServer] {"level":30,"time":"2026-10-05T20:11:37.224Z","pid":26242,"hostname":"OB-PC-25-004.local","name":"nightwatch-api","requestId":"40ae6aa1-184e-4066-863c-30ea305ad373","method":"GET","path":"/api/auth/get-session","status":200,"durationMs":3,"msg":"request completed"}
[WebServer] {"level":30,"time":"2026-10-05T20:11:37.264Z","pid":26242,"hostname":"OB-PC-25-004.local","name":"nightwatch-api","requestId":"3cd9bdd9-1f93-424e-8c23-c7a69477448d","method":"GET","path":"/api/organizations/:organizationId/monitors/recent-events","status":200,"durationMs":23,"msg":"request completed"}
[WebServer] {"level":30,"time":"2026-10-05T20:11:37.265Z","pid":26242,"hostname":"OB-PC-25-004.local","name":"nightwatch-api","requestId":"fd9fa327-8d30-4468-88aa-7992eab2c1bf","method":"GET","path":"/api/notifications/unread-count","status":200,"durationMs":25,"msg":"request completed"}
[WebServer] {"level":30,"time":"2026-10-05T20:11:37.266Z","pid":26242,"hostname":"OB-PC-25-004.local","name":"nightwatch-api","requestId":"8a936099-5865-483c-9c3d-2557f1909cc5","method":"GET","path":"/api/organizations/:organizationId/monitors","status":200,"durationMs":26,"msg":"request completed"}
[WebServer] {"level":30,"time":"2026-10-05T20:11:37.642Z","pid":26242,"hostname":"OB-PC-25-004.local","name":"nightwatch-api","requestId":"ffbe78be-0b1b-40db-907b-33fa0d1e5a56","method":"GET","path":"/api/organizations/:organizationId/monitors","status":200,"durationMs":16,"msg":"request completed"}
  ✓  13 [chromium] › e2e/tests/monitors-access.spec.ts:374:5 › keyboard and screen structure, dark theme (AC-20 to AC-23) › Overview: Tab order, filter announcement, table name, status words (1.6s)
[WebServer] {"level":30,"time":"2026-10-05T20:11:38.441Z","pid":26242,"hostname":"OB-PC-25-004.local","name":"nightwatch-api","requestId":"3b6c28bc-898f-4543-a9dc-5737a3d07cf2","method":"GET","path":"/api/auth/get-session","status":200,"durationMs":1,"msg":"request completed"}
[WebServer] {"level":30,"time":"2026-10-05T20:11:38.463Z","pid":26242,"hostname":"OB-PC-25-004.local","name":"nightwatch-api","requestId":"f968668e-4d40-4657-a5da-6407c56f5f73","method":"GET","path":"/api/auth/get-session","status":200,"durationMs":0,"msg":"request completed"}
[WebServer] {"level":30,"time":"2026-10-05T20:11:38.582Z","pid":26242,"hostname":"OB-PC-25-004.local","name":"nightwatch-api","requestId":"7bec53cb-edf1-4d91-b397-96e03f4adbc7","method":"POST","path":"/api/auth/sign-in/email","status":200,"durationMs":38,"msg":"request completed"}
[WebServer] {"level":30,"time":"2026-10-05T20:11:38.599Z","pid":26242,"hostname":"OB-PC-25-004.local","name":"nightwatch-api","requestId":"51167d08-3297-457a-98c6-3aa70607de16","method":"GET","path":"/api/auth/get-session","status":200,"durationMs":3,"msg":"request completed"}
[WebServer] {"level":30,"time":"2026-10-05T20:11:38.607Z","pid":26242,"hostname":"OB-PC-25-004.local","name":"nightwatch-api","requestId":"1e8d9290-5fa5-4f16-83b6-87b2eebc4a88","method":"GET","path":"/api/auth/get-session","status":200,"durationMs":2,"msg":"request completed"}
[WebServer] {"level":30,"time":"2026-10-05T20:11:38.611Z","pid":26242,"hostname":"OB-PC-25-004.local","name":"nightwatch-api","requestId":"cc5aa538-0225-463d-88ec-9794ef74aad0","method":"GET","path":"/api/auth/get-session","status":200,"durationMs":2,"msg":"request completed"}
[WebServer] {"level":30,"time":"2026-10-05T20:11:38.616Z","pid":26242,"hostname":"OB-PC-25-004.local","name":"nightwatch-api","requestId":"12ece866-b6f9-4077-a6d2-cf12fb606598","method":"GET","path":"/api/me/context","status":200,"durationMs":2,"msg":"request completed"}
[WebServer] {"level":30,"time":"2026-10-05T20:11:38.629Z","pid":26242,"hostname":"OB-PC-25-004.local","name":"nightwatch-api","requestId":"ba05cd58-3c6c-4d75-881c-acdb455490e4","method":"GET","path":"/api/organizations/:organizationId/monitors","status":200,"durationMs":11,"msg":"request completed"}
[WebServer] {"level":30,"time":"2026-10-05T20:11:38.817Z","pid":26242,"hostname":"OB-PC-25-004.local","name":"nightwatch-api","requestId":"439d0b35-067f-4917-a348-d35d4681a05b","method":"GET","path":"/api/auth/get-session","status":200,"durationMs":3,"msg":"request completed"}
[WebServer] {"level":30,"time":"2026-10-05T20:11:38.840Z","pid":26242,"hostname":"OB-PC-25-004.local","name":"nightwatch-api","requestId":"f811d142-9641-4c2b-96e1-c516f0a12aa0","method":"GET","path":"/api/me/context","status":200,"durationMs":3,"msg":"request completed"}
[WebServer] {"level":30,"time":"2026-10-05T20:11:38.850Z","pid":26242,"hostname":"OB-PC-25-004.local","name":"nightwatch-api","requestId":"f0e1ed11-4c5d-491e-bfed-ec01f2b112fa","method":"GET","path":"/api/auth/get-session","status":200,"durationMs":2,"msg":"request completed"}
[WebServer] {"level":30,"time":"2026-10-05T20:11:38.878Z","pid":26242,"hostname":"OB-PC-25-004.local","name":"nightwatch-api","requestId":"1ca394b9-5b8e-47c5-984b-9a1db3d3eaff","method":"GET","path":"/api/organizations/:organizationId/notification-settings","status":200,"durationMs":7,"msg":"request completed"}
[WebServer] {"level":30,"time":"2026-10-05T20:11:38.881Z","pid":26242,"hostname":"OB-PC-25-004.local","name":"nightwatch-api","requestId":"7ec3cafb-4308-4a45-8b45-1c58b48e7d31","method":"GET","path":"/api/notifications/unread-count","status":200,"durationMs":9,"msg":"request completed"}
[WebServer] {"level":30,"time":"2026-10-05T20:11:38.882Z","pid":26242,"hostname":"OB-PC-25-004.local","name":"nightwatch-api","requestId":"78073d8c-1bac-4d7f-8c71-7287f7b475c1","method":"GET","path":"/api/organizations/:organizationId/monitors","status":200,"durationMs":11,"msg":"request completed"}
[WebServer] {"level":30,"time":"2026-10-05T20:11:38.950Z","pid":26242,"hostname":"OB-PC-25-004.local","name":"nightwatch-api","requestId":"822b0638-d8ed-4ab7-9d3d-21733e6fa50d","method":"POST","path":"/api/organizations/:organizationId/monitors/test","status":200,"durationMs":7,"msg":"request completed"}
  ✓  14 [chromium] › e2e/tests/monitors-access.spec.ts:424:5 › keyboard and screen structure, dark theme (AC-20 to AC-23) › Form: first invalid field takes focus, errors are described, Test keeps focus, radiogroup uses arrows, rows are named (987ms)
[WebServer] {"level":30,"time":"2026-10-05T20:11:39.419Z","pid":26242,"hostname":"OB-PC-25-004.local","name":"nightwatch-api","requestId":"013df1b9-cd0c-4364-98df-910c90a47f84","method":"GET","path":"/api/auth/get-session","status":200,"durationMs":1,"msg":"request completed"}
[WebServer] {"level":30,"time":"2026-10-05T20:11:39.447Z","pid":26242,"hostname":"OB-PC-25-004.local","name":"nightwatch-api","requestId":"1e7e90af-5f07-49c8-beb8-79a2c0cd573b","method":"GET","path":"/api/auth/get-session","status":200,"durationMs":1,"msg":"request completed"}
[WebServer] {"level":30,"time":"2026-10-05T20:11:39.565Z","pid":26242,"hostname":"OB-PC-25-004.local","name":"nightwatch-api","requestId":"397a82f7-6b4b-4ca1-bd8b-82b50d0ae725","method":"POST","path":"/api/auth/sign-in/email","status":200,"durationMs":38,"msg":"request completed"}
[WebServer] {"level":30,"time":"2026-10-05T20:11:39.584Z","pid":26242,"hostname":"OB-PC-25-004.local","name":"nightwatch-api","requestId":"9e553410-87e4-4c88-9603-eea937b9f7db","method":"GET","path":"/api/auth/get-session","status":200,"durationMs":4,"msg":"request completed"}
[WebServer] {"level":30,"time":"2026-10-05T20:11:39.591Z","pid":26242,"hostname":"OB-PC-25-004.local","name":"nightwatch-api","requestId":"7fbca947-866c-4d6d-9771-d31c9a8127cc","method":"GET","path":"/api/auth/get-session","status":200,"durationMs":2,"msg":"request completed"}
[WebServer] {"level":30,"time":"2026-10-05T20:11:39.595Z","pid":26242,"hostname":"OB-PC-25-004.local","name":"nightwatch-api","requestId":"01304ced-6ec9-4ac4-9b4d-75b578eb4cda","method":"GET","path":"/api/auth/get-session","status":200,"durationMs":2,"msg":"request completed"}
[WebServer] {"level":30,"time":"2026-10-05T20:11:39.600Z","pid":26242,"hostname":"OB-PC-25-004.local","name":"nightwatch-api","requestId":"cc71c8ce-a51d-42bf-9f5a-5162c7ee335a","method":"GET","path":"/api/me/context","status":200,"durationMs":3,"msg":"request completed"}
[WebServer] {"level":30,"time":"2026-10-05T20:11:39.612Z","pid":26242,"hostname":"OB-PC-25-004.local","name":"nightwatch-api","requestId":"df374d4d-9574-4354-9643-272de8a0854d","method":"GET","path":"/api/organizations/:organizationId/monitors","status":200,"durationMs":10,"msg":"request completed"}
[WebServer] {"level":30,"time":"2026-10-05T20:11:39.801Z","pid":26242,"hostname":"OB-PC-25-004.local","name":"nightwatch-api","requestId":"2dcae60e-f769-459c-ad4c-413e00816677","method":"GET","path":"/api/auth/get-session","status":200,"durationMs":3,"msg":"request completed"}
[WebServer] {"level":30,"time":"2026-10-05T20:11:39.826Z","pid":26242,"hostname":"OB-PC-25-004.local","name":"nightwatch-api","requestId":"3e63b276-b8a1-42f1-aa0f-e156bc9dfb46","method":"GET","path":"/api/me/context","status":200,"durationMs":4,"msg":"request completed"}
[WebServer] {"level":30,"time":"2026-10-05T20:11:39.840Z","pid":26242,"hostname":"OB-PC-25-004.local","name":"nightwatch-api","requestId":"8909c45f-f1b7-42da-83b0-b27bb47285fa","method":"GET","path":"/api/organizations/:organizationId/monitors/:monitorId","status":200,"durationMs":11,"msg":"request completed"}
[WebServer] {"level":30,"time":"2026-10-05T20:11:39.849Z","pid":26242,"hostname":"OB-PC-25-004.local","name":"nightwatch-api","requestId":"1704814a-b5cd-46e5-90a3-dc4a04b3ad54","method":"GET","path":"/api/auth/get-session","status":200,"durationMs":2,"msg":"request completed"}
[WebServer] {"level":30,"time":"2026-10-05T20:11:39.884Z","pid":26242,"hostname":"OB-PC-25-004.local","name":"nightwatch-api","requestId":"ae5198ba-109b-4cfc-974f-1c2daa7c2683","method":"GET","path":"/api/organizations/:organizationId/monitors/:monitorId/incidents","status":200,"durationMs":10,"msg":"request completed"}
[WebServer] {"level":30,"time":"2026-10-05T20:11:39.886Z","pid":26242,"hostname":"OB-PC-25-004.local","name":"nightwatch-api","requestId":"fbcfde93-c5af-486b-a191-d69855b37c88","method":"GET","path":"/api/notifications/unread-count","status":200,"durationMs":13,"msg":"request completed"}
[WebServer] {"level":30,"time":"2026-10-05T20:11:39.886Z","pid":26242,"hostname":"OB-PC-25-004.local","name":"nightwatch-api","requestId":"303b7ebd-3c53-43b5-b9c7-b062343454cf","method":"GET","path":"/api/organizations/:organizationId/monitors/:monitorId/response-times","status":200,"durationMs":12,"msg":"request completed"}
[WebServer] {"level":30,"time":"2026-10-05T20:11:39.890Z","pid":26242,"hostname":"OB-PC-25-004.local","name":"nightwatch-api","requestId":"2a26a565-655a-44b7-99ba-be9e122b4988","method":"GET","path":"/api/organizations/:organizationId/monitors/:monitorId/:segment","status":200,"durationMs":16,"msg":"request completed"}
[WebServer] {"level":30,"time":"2026-10-05T20:11:39.890Z","pid":26242,"hostname":"OB-PC-25-004.local","name":"nightwatch-api","requestId":"69f68222-4356-4272-b76f-fecca3fc3d3f","method":"GET","path":"/api/organizations/:organizationId/monitors/:monitorId/checks","status":200,"durationMs":15,"msg":"request completed"}
[WebServer] {"level":30,"time":"2026-10-05T20:11:39.890Z","pid":26242,"hostname":"OB-PC-25-004.local","name":"nightwatch-api","requestId":"25691524-ddb3-40a2-bb72-549901f73df8","method":"GET","path":"/api/organizations/:organizationId/monitors","status":200,"durationMs":17,"msg":"request completed"}
[WebServer] {"level":30,"time":"2026-10-05T20:11:39.895Z","pid":26242,"hostname":"OB-PC-25-004.local","name":"nightwatch-api","requestId":"14b0b7bd-efe0-44b2-b65a-b84ed020dfe0","method":"GET","path":"/api/organizations/:organizationId/notification-settings","status":200,"durationMs":9,"msg":"request completed"}
[WebServer] {"level":30,"time":"2026-10-05T20:11:39.897Z","pid":26242,"hostname":"OB-PC-25-004.local","name":"nightwatch-api","requestId":"047f6fe8-8c85-4258-b761-61208ba11400","method":"GET","path":"/api/organizations/:organizationId/monitors/:monitorId/:segment","status":200,"durationMs":10,"msg":"request completed"}
[WebServer] {"level":30,"time":"2026-10-05T20:11:39.955Z","pid":26242,"hostname":"OB-PC-25-004.local","name":"nightwatch-api","requestId":"f45e811d-22aa-4fc3-afc8-105c82383b57","method":"POST","path":"/api/organizations/:organizationId/monitors/:monitorId/pause","status":200,"durationMs":9,"msg":"request completed"}
[WebServer] {"level":30,"time":"2026-10-05T20:11:39.978Z","pid":26242,"hostname":"OB-PC-25-004.local","name":"nightwatch-api","requestId":"78b2372e-38d1-4e2b-8801-3a9122073a63","method":"GET","path":"/api/organizations/:organizationId/monitors/:monitorId/:segment","status":200,"durationMs":7,"msg":"request completed"}
[WebServer] {"level":30,"time":"2026-10-05T20:11:39.980Z","pid":26242,"hostname":"OB-PC-25-004.local","name":"nightwatch-api","requestId":"b8fd1d78-13c4-44cf-990d-9e52a0fc58be","method":"GET","path":"/api/organizations/:organizationId/monitors/:monitorId/incidents","status":200,"durationMs":9,"msg":"request completed"}
[WebServer] {"level":30,"time":"2026-10-05T20:11:39.980Z","pid":26242,"hostname":"OB-PC-25-004.local","name":"nightwatch-api","requestId":"99183141-75ab-410e-b006-6cde19f02735","method":"GET","path":"/api/organizations/:organizationId/monitors/:monitorId/:segment","status":200,"durationMs":10,"msg":"request completed"}
[WebServer] {"level":30,"time":"2026-10-05T20:11:39.981Z","pid":26242,"hostname":"OB-PC-25-004.local","name":"nightwatch-api","requestId":"7e58274e-cb4d-4c9b-95d3-4b8f2ec65991","method":"GET","path":"/api/organizations/:organizationId/monitors/:monitorId/response-times","status":200,"durationMs":11,"msg":"request completed"}
[WebServer] {"level":30,"time":"2026-10-05T20:11:39.981Z","pid":26242,"hostname":"OB-PC-25-004.local","name":"nightwatch-api","requestId":"a39bb44b-5171-48a4-9dd1-d60da7b1ff37","method":"GET","path":"/api/organizations/:organizationId/monitors/:monitorId/checks","status":200,"durationMs":11,"msg":"request completed"}
[WebServer] {"level":30,"time":"2026-10-05T20:11:39.984Z","pid":26242,"hostname":"OB-PC-25-004.local","name":"nightwatch-api","requestId":"3d011847-65f9-4464-9f9f-26e542896eb9","method":"GET","path":"/api/organizations/:organizationId/monitors/:monitorId","status":200,"durationMs":15,"msg":"request completed"}
[WebServer] {"level":30,"time":"2026-10-05T20:11:40.060Z","pid":26242,"hostname":"OB-PC-25-004.local","name":"nightwatch-api","requestId":"5d3effea-ea64-49fa-b3c2-ee3e47bbe3c3","method":"POST","path":"/api/organizations/:organizationId/monitors/:monitorId/resume","status":200,"durationMs":10,"msg":"request completed"}
[WebServer] {"level":30,"time":"2026-10-05T20:11:40.075Z","pid":26242,"hostname":"OB-PC-25-004.local","name":"nightwatch-api","requestId":"a04efd75-6c7d-403b-9017-766778602bd5","method":"GET","path":"/api/organizations/:organizationId/monitors/:monitorId/:segment","status":200,"durationMs":9,"msg":"request completed"}
[WebServer] {"level":30,"time":"2026-10-05T20:11:40.076Z","pid":26242,"hostname":"OB-PC-25-004.local","name":"nightwatch-api","requestId":"761e6b9f-8800-4db9-81e4-45f5a3100632","method":"GET","path":"/api/organizations/:organizationId/monitors/:monitorId/incidents","status":200,"durationMs":10,"msg":"request completed"}
[WebServer] {"level":30,"time":"2026-10-05T20:11:40.077Z","pid":26242,"hostname":"OB-PC-25-004.local","name":"nightwatch-api","requestId":"1eee6da0-9937-4bf5-ab15-dfbd155bf92a","method":"GET","path":"/api/organizations/:organizationId/monitors/:monitorId/:segment","status":200,"durationMs":11,"msg":"request completed"}
[WebServer] {"level":30,"time":"2026-10-05T20:11:40.077Z","pid":26242,"hostname":"OB-PC-25-004.local","name":"nightwatch-api","requestId":"74b142fc-6066-471a-9979-8972bc4ab212","method":"GET","path":"/api/organizations/:organizationId/monitors/:monitorId/response-times","status":200,"durationMs":11,"msg":"request completed"}
[WebServer] {"level":30,"time":"2026-10-05T20:11:40.078Z","pid":26242,"hostname":"OB-PC-25-004.local","name":"nightwatch-api","requestId":"aa3291b8-4411-4848-b870-8819a3ed6ea0","method":"GET","path":"/api/organizations/:organizationId/monitors/:monitorId/checks","status":200,"durationMs":12,"msg":"request completed"}
[WebServer] {"level":30,"time":"2026-10-05T20:11:40.079Z","pid":26242,"hostname":"OB-PC-25-004.local","name":"nightwatch-api","requestId":"3f01d9fb-879e-43d9-9d93-ca2f67e8cc2e","method":"GET","path":"/api/organizations/:organizationId/monitors/:monitorId","status":200,"durationMs":14,"msg":"request completed"}
  ✓  15 [chromium] › e2e/tests/monitors-access.spec.ts:485:5 › keyboard and screen structure, dark theme (AC-20 to AC-23) › Detail: headings in order, chart table, Delete dialog focus, Pause keeps focus (1.0s)
[WebServer] {"level":30,"time":"2026-10-05T20:11:40.202Z","pid":26242,"hostname":"OB-PC-25-004.local","name":"nightwatch-api","requestId":"396bfcbd-fbad-4596-89e1-4903f35e6233","method":"POST","path":"/api/organizations/:organizationId/monitors","status":201,"durationMs":15,"msg":"request completed"}
[WebServer] {"level":30,"time":"2026-10-05T20:11:40.456Z","pid":26242,"hostname":"OB-PC-25-004.local","name":"nightwatch-api","requestId":"a5b953c6-33a9-4faf-8857-a12c5400ee31","method":"GET","path":"/api/auth/get-session","status":200,"durationMs":1,"msg":"request completed"}
[WebServer] {"level":30,"time":"2026-10-05T20:11:40.480Z","pid":26242,"hostname":"OB-PC-25-004.local","name":"nightwatch-api","requestId":"1a95918f-417a-46b9-8c25-fb3ff27418d5","method":"GET","path":"/api/auth/get-session","status":200,"durationMs":1,"msg":"request completed"}
[WebServer] {"level":30,"time":"2026-10-05T20:11:40.598Z","pid":26242,"hostname":"OB-PC-25-004.local","name":"nightwatch-api","requestId":"a3f8c82d-ef41-4d48-85dc-832b6590d595","method":"POST","path":"/api/auth/sign-in/email","status":200,"durationMs":38,"msg":"request completed"}
[WebServer] {"level":30,"time":"2026-10-05T20:11:40.616Z","pid":26242,"hostname":"OB-PC-25-004.local","name":"nightwatch-api","requestId":"f298a6e9-64a0-45cb-9776-91f39ad328fd","method":"GET","path":"/api/auth/get-session","status":200,"durationMs":4,"msg":"request completed"}
[WebServer] {"level":30,"time":"2026-10-05T20:11:40.623Z","pid":26242,"hostname":"OB-PC-25-004.local","name":"nightwatch-api","requestId":"9bce3656-6388-4449-85c1-182b05c19ed0","method":"GET","path":"/api/auth/get-session","status":200,"durationMs":2,"msg":"request completed"}
[WebServer] {"level":30,"time":"2026-10-05T20:11:40.628Z","pid":26242,"hostname":"OB-PC-25-004.local","name":"nightwatch-api","requestId":"b0cabe84-6ba5-4c9c-951d-4b900de50db3","method":"GET","path":"/api/auth/get-session","status":200,"durationMs":2,"msg":"request completed"}
[WebServer] {"level":30,"time":"2026-10-05T20:11:40.632Z","pid":26242,"hostname":"OB-PC-25-004.local","name":"nightwatch-api","requestId":"3c0583f4-aa43-4e4d-ab71-dd1b6894ce90","method":"GET","path":"/api/me/context","status":200,"durationMs":2,"msg":"request completed"}
[WebServer] {"level":30,"time":"2026-10-05T20:11:40.645Z","pid":26242,"hostname":"OB-PC-25-004.local","name":"nightwatch-api","requestId":"0adb42b4-067d-4e97-a238-6fb6238ea7a2","method":"GET","path":"/api/organizations/:organizationId/monitors","status":200,"durationMs":11,"msg":"request completed"}
[WebServer] {"level":30,"time":"2026-10-05T20:11:40.836Z","pid":26242,"hostname":"OB-PC-25-004.local","name":"nightwatch-api","requestId":"d5e6189a-59bf-4f9e-83b5-01a34da76a85","method":"GET","path":"/api/auth/get-session","status":200,"durationMs":6,"msg":"request completed"}
[WebServer] {"level":30,"time":"2026-10-05T20:11:40.856Z","pid":26242,"hostname":"OB-PC-25-004.local","name":"nightwatch-api","requestId":"ce584c78-fe36-4d5e-b732-b121464a4d4b","method":"GET","path":"/api/me/context","status":200,"durationMs":3,"msg":"request completed"}
[WebServer] {"level":30,"time":"2026-10-05T20:11:40.869Z","pid":26242,"hostname":"OB-PC-25-004.local","name":"nightwatch-api","requestId":"94b365bf-9705-4c08-ab53-97ecb35b14fa","method":"GET","path":"/api/organizations/:organizationId/monitors/:monitorId","status":200,"durationMs":11,"msg":"request completed"}
[WebServer] {"level":30,"time":"2026-10-05T20:11:40.879Z","pid":26242,"hostname":"OB-PC-25-004.local","name":"nightwatch-api","requestId":"627bab1c-abe3-4f1a-bfcb-c161a34673fc","method":"GET","path":"/api/auth/get-session","status":200,"durationMs":2,"msg":"request completed"}
[WebServer] {"level":30,"time":"2026-10-05T20:11:40.911Z","pid":26242,"hostname":"OB-PC-25-004.local","name":"nightwatch-api","requestId":"047bbec9-80b3-4c1d-b076-d8c8e84a0a61","method":"GET","path":"/api/organizations/:organizationId/monitors/:monitorId/:segment","status":200,"durationMs":10,"msg":"request completed"}
[WebServer] {"level":30,"time":"2026-10-05T20:11:40.912Z","pid":26242,"hostname":"OB-PC-25-004.local","name":"nightwatch-api","requestId":"d9f899c4-1bef-451f-8dc0-daa766f8c35d","method":"GET","path":"/api/organizations/:organizationId/monitors/:monitorId/incidents","status":200,"durationMs":11,"msg":"request completed"}
[WebServer] {"level":30,"time":"2026-10-05T20:11:40.913Z","pid":26242,"hostname":"OB-PC-25-004.local","name":"nightwatch-api","requestId":"65d0580b-801f-4b35-9dce-67b452a14cc5","method":"GET","path":"/api/notifications/unread-count","status":200,"durationMs":12,"msg":"request completed"}
[WebServer] {"level":30,"time":"2026-10-05T20:11:40.913Z","pid":26242,"hostname":"OB-PC-25-004.local","name":"nightwatch-api","requestId":"125aff4b-1822-4fa9-8945-da5f0de5e83c","method":"GET","path":"/api/organizations/:organizationId/monitors/:monitorId/checks","status":200,"durationMs":11,"msg":"request completed"}
[WebServer] {"level":30,"time":"2026-10-05T20:11:40.914Z","pid":26242,"hostname":"OB-PC-25-004.local","name":"nightwatch-api","requestId":"5e2d684a-086f-4664-a85a-564b8c01de0b","method":"GET","path":"/api/organizations/:organizationId/monitors","status":200,"durationMs":13,"msg":"request completed"}
[WebServer] {"level":30,"time":"2026-10-05T20:11:40.914Z","pid":26242,"hostname":"OB-PC-25-004.local","name":"nightwatch-api","requestId":"ccbd2064-57ee-45a0-8e2d-e947dbe94d0a","method":"GET","path":"/api/organizations/:organizationId/monitors/:monitorId/response-times","status":200,"durationMs":13,"msg":"request completed"}
[WebServer] {"level":30,"time":"2026-10-05T20:11:40.920Z","pid":26242,"hostname":"OB-PC-25-004.local","name":"nightwatch-api","requestId":"b1ffc455-544d-4546-b6e0-85679d277460","method":"GET","path":"/api/organizations/:organizationId/notification-settings","status":200,"durationMs":7,"msg":"request completed"}
[WebServer] {"level":30,"time":"2026-10-05T20:11:40.920Z","pid":26242,"hostname":"OB-PC-25-004.local","name":"nightwatch-api","requestId":"52d28591-3337-4867-84c3-ce7e26213217","method":"GET","path":"/api/organizations/:organizationId/monitors/:monitorId/:segment","status":200,"durationMs":5,"msg":"request completed"}
[WebServer] {"level":30,"time":"2026-10-05T20:11:41.146Z","pid":26242,"hostname":"OB-PC-25-004.local","name":"nightwatch-api","requestId":"512428db-3b32-4027-9779-e9d3f3cf1d89","method":"DELETE","path":"/api/organizations/:organizationId/monitors/:monitorId","status":204,"durationMs":10,"msg":"request completed"}
[WebServer] {"level":30,"time":"2026-10-05T20:11:41.151Z","pid":26242,"hostname":"OB-PC-25-004.local","name":"nightwatch-api","requestId":"650f61a7-34ef-47c8-b808-c4031dcf3077","method":"GET","path":"/api/auth/get-session","status":200,"durationMs":2,"msg":"request completed"}
[WebServer] {"level":30,"time":"2026-10-05T20:11:41.164Z","pid":26242,"hostname":"OB-PC-25-004.local","name":"nightwatch-api","requestId":"ee3924fe-41ae-4954-8072-69125c9fd452","method":"GET","path":"/api/organizations/:organizationId/monitors","status":200,"durationMs":11,"msg":"request completed"}
[WebServer] {"level":30,"time":"2026-10-05T20:11:41.184Z","pid":26242,"hostname":"OB-PC-25-004.local","name":"nightwatch-api","requestId":"c5e5b355-2aa5-4603-919c-eb8e7b6533e7","method":"GET","path":"/api/auth/get-session","status":200,"durationMs":3,"msg":"request completed"}
[WebServer] {"level":30,"time":"2026-10-05T20:11:41.188Z","pid":26242,"hostname":"OB-PC-25-004.local","name":"nightwatch-api","requestId":"3b92e75b-40d7-4b48-9d34-8c90f7f37330","method":"GET","path":"/api/auth/get-session","status":200,"durationMs":2,"msg":"request completed"}
[WebServer] {"level":30,"time":"2026-10-05T20:11:41.188Z","pid":26242,"hostname":"OB-PC-25-004.local","name":"nightwatch-api","requestId":"70702657-3a3a-4934-b6a0-d4fb66b563ce","method":"GET","path":"/api/organizations/:organizationId/monitors/recent-events","status":200,"durationMs":8,"msg":"request completed"}
  ✓  16 [chromium] › e2e/tests/monitors-access.spec.ts:535:5 › keyboard and screen structure, dark theme (AC-20 to AC-23) › Delete confirm returns focus to the Overview heading (1.0s)
[WebServer] {"level":30,"time":"2026-10-05T20:11:41.471Z","pid":26242,"hostname":"OB-PC-25-004.local","name":"nightwatch-api","requestId":"bc9465f9-b66e-4689-bf65-54a0d14b26f3","method":"GET","path":"/api/auth/get-session","status":200,"durationMs":1,"msg":"request completed"}
[WebServer] {"level":30,"time":"2026-10-05T20:11:41.494Z","pid":26242,"hostname":"OB-PC-25-004.local","name":"nightwatch-api","requestId":"fbccb624-8935-41d1-b931-a0d5f3b0420d","method":"GET","path":"/api/auth/get-session","status":200,"durationMs":0,"msg":"request completed"}
[WebServer] {"level":30,"time":"2026-10-05T20:11:41.607Z","pid":26242,"hostname":"OB-PC-25-004.local","name":"nightwatch-api","requestId":"2ffd2cc1-9a86-443b-8d03-705a767a9859","method":"POST","path":"/api/auth/sign-in/email","status":200,"durationMs":38,"msg":"request completed"}
[WebServer] {"level":30,"time":"2026-10-05T20:11:41.625Z","pid":26242,"hostname":"OB-PC-25-004.local","name":"nightwatch-api","requestId":"53db4e5f-216f-4767-985f-d9c0957560d3","method":"GET","path":"/api/auth/get-session","status":200,"durationMs":4,"msg":"request completed"}
[WebServer] {"level":30,"time":"2026-10-05T20:11:41.632Z","pid":26242,"hostname":"OB-PC-25-004.local","name":"nightwatch-api","requestId":"79adbdf8-0ad0-419b-8480-81809992ed0d","method":"GET","path":"/api/auth/get-session","status":200,"durationMs":2,"msg":"request completed"}
[WebServer] {"level":30,"time":"2026-10-05T20:11:41.636Z","pid":26242,"hostname":"OB-PC-25-004.local","name":"nightwatch-api","requestId":"73a2a051-ae21-492a-9e32-fbda16748359","method":"GET","path":"/api/auth/get-session","status":200,"durationMs":2,"msg":"request completed"}
[WebServer] {"level":30,"time":"2026-10-05T20:11:41.641Z","pid":26242,"hostname":"OB-PC-25-004.local","name":"nightwatch-api","requestId":"1a694346-8117-4415-b4da-1b447b22f061","method":"GET","path":"/api/me/context","status":200,"durationMs":2,"msg":"request completed"}
[WebServer] {"level":30,"time":"2026-10-05T20:11:41.654Z","pid":26242,"hostname":"OB-PC-25-004.local","name":"nightwatch-api","requestId":"cb1f28ce-288f-44cc-a097-4d9b8b2e35fc","method":"GET","path":"/api/organizations/:organizationId/monitors","status":200,"durationMs":11,"msg":"request completed"}
[WebServer] {"level":30,"time":"2026-10-05T20:11:41.841Z","pid":26242,"hostname":"OB-PC-25-004.local","name":"nightwatch-api","requestId":"fdd1adbd-44e6-4e4b-873c-63b814f883d8","method":"GET","path":"/api/auth/get-session","status":200,"durationMs":3,"msg":"request completed"}
[WebServer] {"level":30,"time":"2026-10-05T20:11:41.866Z","pid":26242,"hostname":"OB-PC-25-004.local","name":"nightwatch-api","requestId":"84812845-2165-4e8c-be2d-132004758f00","method":"GET","path":"/api/me/context","status":200,"durationMs":4,"msg":"request completed"}
[WebServer] {"level":30,"time":"2026-10-05T20:11:41.874Z","pid":26242,"hostname":"OB-PC-25-004.local","name":"nightwatch-api","requestId":"c19f17a6-1380-4ec2-8720-9d9bb407c391","method":"GET","path":"/api/organizations/:organizationId/monitors","status":200,"durationMs":6,"msg":"request completed"}
[WebServer] {"level":30,"time":"2026-10-05T20:11:41.885Z","pid":26242,"hostname":"OB-PC-25-004.local","name":"nightwatch-api","requestId":"c461ebec-12ef-4f98-aeae-9e98c6c80dec","method":"GET","path":"/api/auth/get-session","status":200,"durationMs":2,"msg":"request completed"}
[WebServer] {"level":30,"time":"2026-10-05T20:11:41.914Z","pid":26242,"hostname":"OB-PC-25-004.local","name":"nightwatch-api","requestId":"e04c8ec2-b6ef-4fca-9201-783715e97ad7","method":"GET","path":"/api/organizations/:organizationId/monitors/recent-events","status":200,"durationMs":8,"msg":"request completed"}
[WebServer] {"level":30,"time":"2026-10-05T20:11:41.915Z","pid":26242,"hostname":"OB-PC-25-004.local","name":"nightwatch-api","requestId":"4e28ae9c-4d47-46d7-b724-8d98f13dba2b","method":"GET","path":"/api/notifications/unread-count","status":200,"durationMs":9,"msg":"request completed"}
[WebServer] {"level":30,"time":"2026-10-05T20:11:41.915Z","pid":26242,"hostname":"OB-PC-25-004.local","name":"nightwatch-api","requestId":"ed89fdbb-324f-4d2a-8f21-df3769ad375e","method":"GET","path":"/api/organizations/:organizationId/monitors","status":200,"durationMs":9,"msg":"request completed"}
[WebServer] {"level":30,"time":"2026-10-05T20:11:42.095Z","pid":26242,"hostname":"OB-PC-25-004.local","name":"nightwatch-api","requestId":"cb0e9327-2347-4b34-bc2f-eaa49110c62e","method":"GET","path":"/api/auth/get-session","status":200,"durationMs":4,"msg":"request completed"}
[WebServer] {"level":30,"time":"2026-10-05T20:11:42.099Z","pid":26242,"hostname":"OB-PC-25-004.local","name":"nightwatch-api","requestId":"e91a2085-44b3-4ade-a98f-ca1bb88fdb3d","method":"GET","path":"/api/me/context","status":200,"durationMs":2,"msg":"request completed"}
[WebServer] {"level":30,"time":"2026-10-05T20:11:42.114Z","pid":26242,"hostname":"OB-PC-25-004.local","name":"nightwatch-api","requestId":"e1eeda88-361b-4e18-971c-e7a4ee2e7c86","method":"GET","path":"/api/organizations/:organizationId/monitors/:monitorId","status":200,"durationMs":13,"msg":"request completed"}
[WebServer] {"level":30,"time":"2026-10-05T20:11:42.125Z","pid":26242,"hostname":"OB-PC-25-004.local","name":"nightwatch-api","requestId":"96206fea-d35c-40b5-be28-c903e72fdebb","method":"GET","path":"/api/auth/get-session","status":200,"durationMs":2,"msg":"request completed"}
[WebServer] {"level":30,"time":"2026-10-05T20:11:42.155Z","pid":26242,"hostname":"OB-PC-25-004.local","name":"nightwatch-api","requestId":"aceb6cab-40ac-41f8-87c1-3bdf6e577f4f","method":"GET","path":"/api/organizations/:organizationId/monitors/:monitorId/response-times","status":200,"durationMs":10,"msg":"request completed"}
[WebServer] {"level":30,"time":"2026-10-05T20:11:42.155Z","pid":26242,"hostname":"OB-PC-25-004.local","name":"nightwatch-api","requestId":"76ef7a21-575f-4617-921e-6bd34df05d50","method":"GET","path":"/api/organizations/:organizationId/monitors/:monitorId/incidents","status":200,"durationMs":9,"msg":"request completed"}
[WebServer] {"level":30,"time":"2026-10-05T20:11:42.155Z","pid":26242,"hostname":"OB-PC-25-004.local","name":"nightwatch-api","requestId":"c9ce2156-57cb-4808-8ef5-e868efabbda8","method":"GET","path":"/api/notifications/unread-count","status":200,"durationMs":11,"msg":"request completed"}
[WebServer] {"level":30,"time":"2026-10-05T20:11:42.155Z","pid":26242,"hostname":"OB-PC-25-004.local","name":"nightwatch-api","requestId":"8917964d-54f0-48b1-81be-1d9bb53c5218","method":"GET","path":"/api/organizations/:organizationId/monitors/:monitorId/checks","status":200,"durationMs":9,"msg":"request completed"}
[WebServer] {"level":30,"time":"2026-10-05T20:11:42.156Z","pid":26242,"hostname":"OB-PC-25-004.local","name":"nightwatch-api","requestId":"a953011e-ab8b-43b8-a648-03df1211f08f","method":"GET","path":"/api/organizations/:organizationId/monitors/:monitorId/:segment","status":200,"durationMs":10,"msg":"request completed"}
[WebServer] {"level":30,"time":"2026-10-05T20:11:42.157Z","pid":26242,"hostname":"OB-PC-25-004.local","name":"nightwatch-api","requestId":"9c91c11e-b870-45d4-bb39-65fd60c4ac5a","method":"GET","path":"/api/organizations/:organizationId/monitors","status":200,"durationMs":12,"msg":"request completed"}
[WebServer] {"level":30,"time":"2026-10-05T20:11:42.163Z","pid":26242,"hostname":"OB-PC-25-004.local","name":"nightwatch-api","requestId":"08f7cf3d-8932-44f5-a907-7bd55c7fadba","method":"GET","path":"/api/organizations/:organizationId/notification-settings","status":200,"durationMs":6,"msg":"request completed"}
[WebServer] {"level":30,"time":"2026-10-05T20:11:42.163Z","pid":26242,"hostname":"OB-PC-25-004.local","name":"nightwatch-api","requestId":"09bdf872-3084-4dae-97bd-6e637e7b17ad","method":"GET","path":"/api/organizations/:organizationId/monitors/:monitorId/:segment","status":200,"durationMs":6,"msg":"request completed"}
[WebServer] {"level":30,"time":"2026-10-05T20:11:42.373Z","pid":26242,"hostname":"OB-PC-25-004.local","name":"nightwatch-api","requestId":"b0234eb9-4fa5-4ca3-a8d5-8d682dd3fd01","method":"GET","path":"/api/auth/get-session","status":200,"durationMs":3,"msg":"request completed"}
[WebServer] {"level":30,"time":"2026-10-05T20:11:42.379Z","pid":26242,"hostname":"OB-PC-25-004.local","name":"nightwatch-api","requestId":"983629bd-3b5a-4fa2-a971-59b830c02e24","method":"GET","path":"/api/me/context","status":200,"durationMs":2,"msg":"request completed"}
[WebServer] {"level":30,"time":"2026-10-05T20:11:42.391Z","pid":26242,"hostname":"OB-PC-25-004.local","name":"nightwatch-api","requestId":"2ff10fcc-2262-4b6a-a05e-c6e57cf60530","method":"GET","path":"/api/auth/get-session","status":200,"durationMs":3,"msg":"request completed"}
[WebServer] {"level":30,"time":"2026-10-05T20:11:42.411Z","pid":26242,"hostname":"OB-PC-25-004.local","name":"nightwatch-api","requestId":"5a1ac8c5-969c-4def-948d-ac71dd42c8b1","method":"GET","path":"/api/organizations/:organizationId/notification-settings","status":200,"durationMs":7,"msg":"request completed"}
[WebServer] {"level":30,"time":"2026-10-05T20:11:42.414Z","pid":26242,"hostname":"OB-PC-25-004.local","name":"nightwatch-api","requestId":"020f37b8-9319-4cb3-b30e-4f14a884d730","method":"GET","path":"/api/notifications/unread-count","status":200,"durationMs":10,"msg":"request completed"}
[WebServer] {"level":30,"time":"2026-10-05T20:11:42.414Z","pid":26242,"hostname":"OB-PC-25-004.local","name":"nightwatch-api","requestId":"c99bede8-91ef-407d-840a-6eb6e4560b5f","method":"GET","path":"/api/organizations/:organizationId/monitors","status":200,"durationMs":11,"msg":"request completed"}
[WebServer] {"level":30,"time":"2026-10-05T20:11:42.601Z","pid":26242,"hostname":"OB-PC-25-004.local","name":"nightwatch-api","requestId":"c7f5ef15-74f0-4bd1-aa34-199dcc0bca2a","method":"GET","path":"/api/auth/get-session","status":200,"durationMs":6,"msg":"request completed"}
[WebServer] {"level":30,"time":"2026-10-05T20:11:42.605Z","pid":26242,"hostname":"OB-PC-25-004.local","name":"nightwatch-api","requestId":"6f59bf1d-3e6b-4779-a6c4-4ed6ffac2ac1","method":"GET","path":"/api/me/context","status":200,"durationMs":2,"msg":"request completed"}
[WebServer] {"level":30,"time":"2026-10-05T20:11:42.620Z","pid":26242,"hostname":"OB-PC-25-004.local","name":"nightwatch-api","requestId":"460936a0-1ee4-4dbe-94e8-4f0a7e0f1832","method":"GET","path":"/api/organizations/:organizationId/monitors/:monitorId","status":200,"durationMs":13,"msg":"request completed"}
[WebServer] {"level":30,"time":"2026-10-05T20:11:42.629Z","pid":26242,"hostname":"OB-PC-25-004.local","name":"nightwatch-api","requestId":"389997db-0d0a-4e11-9fb8-fa2b0e3b8be4","method":"GET","path":"/api/auth/get-session","status":200,"durationMs":2,"msg":"request completed"}
[WebServer] {"level":30,"time":"2026-10-05T20:11:42.649Z","pid":26242,"hostname":"OB-PC-25-004.local","name":"nightwatch-api","requestId":"2fe60c4c-099e-43c1-9332-53c54421146f","method":"GET","path":"/api/organizations/:organizationId/notification-settings","status":200,"durationMs":6,"msg":"request completed"}
[WebServer] {"level":30,"time":"2026-10-05T20:11:42.651Z","pid":26242,"hostname":"OB-PC-25-004.local","name":"nightwatch-api","requestId":"4d0b7d99-34e3-4b76-937c-fd5f52e11cd9","method":"GET","path":"/api/notifications/unread-count","status":200,"durationMs":8,"msg":"request completed"}
[WebServer] {"level":30,"time":"2026-10-05T20:11:42.652Z","pid":26242,"hostname":"OB-PC-25-004.local","name":"nightwatch-api","requestId":"55c20722-c7d3-4ef1-940c-f6eef3b726ca","method":"GET","path":"/api/organizations/:organizationId/monitors","status":200,"durationMs":9,"msg":"request completed"}
  ✓  17 [chromium] › e2e/tests/monitors-access.spec.ts:558:5 › reflow at 200% (640 px viewport, LAY-02) › light: no sideways page scroll, actions and labels remain (1.5s)
[WebServer] {"level":30,"time":"2026-10-05T20:11:42.962Z","pid":26242,"hostname":"OB-PC-25-004.local","name":"nightwatch-api","requestId":"3d67b94f-e9f2-41e3-9453-455608e47749","method":"GET","path":"/api/auth/get-session","status":200,"durationMs":1,"msg":"request completed"}
[WebServer] {"level":30,"time":"2026-10-05T20:11:42.985Z","pid":26242,"hostname":"OB-PC-25-004.local","name":"nightwatch-api","requestId":"c4ebe51d-d23b-4f8a-9d12-a3ed6f889f0b","method":"GET","path":"/api/auth/get-session","status":200,"durationMs":1,"msg":"request completed"}
[WebServer] {"level":30,"time":"2026-10-05T20:11:43.100Z","pid":26242,"hostname":"OB-PC-25-004.local","name":"nightwatch-api","requestId":"4558992a-00d3-4364-b07d-7dfb6cf1b47e","method":"POST","path":"/api/auth/sign-in/email","status":200,"durationMs":40,"msg":"request completed"}
[WebServer] {"level":30,"time":"2026-10-05T20:11:43.118Z","pid":26242,"hostname":"OB-PC-25-004.local","name":"nightwatch-api","requestId":"d2659bb6-5241-45c6-abdd-9cfce4a454a1","method":"GET","path":"/api/auth/get-session","status":200,"durationMs":3,"msg":"request completed"}
[WebServer] {"level":30,"time":"2026-10-05T20:11:43.126Z","pid":26242,"hostname":"OB-PC-25-004.local","name":"nightwatch-api","requestId":"d2c2acea-9f5a-4d6f-8f9e-1517950e6257","method":"GET","path":"/api/auth/get-session","status":200,"durationMs":3,"msg":"request completed"}
[WebServer] {"level":30,"time":"2026-10-05T20:11:43.130Z","pid":26242,"hostname":"OB-PC-25-004.local","name":"nightwatch-api","requestId":"0e927b60-6413-4f11-bd50-6d4589d7031d","method":"GET","path":"/api/auth/get-session","status":200,"durationMs":2,"msg":"request completed"}
[WebServer] {"level":30,"time":"2026-10-05T20:11:43.135Z","pid":26242,"hostname":"OB-PC-25-004.local","name":"nightwatch-api","requestId":"d3ebb34e-a293-4be8-8ea6-2a901828d966","method":"GET","path":"/api/me/context","status":200,"durationMs":3,"msg":"request completed"}
[WebServer] {"level":30,"time":"2026-10-05T20:11:43.147Z","pid":26242,"hostname":"OB-PC-25-004.local","name":"nightwatch-api","requestId":"b21b5448-fb20-4859-bd39-4e3b459102e4","method":"GET","path":"/api/organizations/:organizationId/monitors","status":200,"durationMs":10,"msg":"request completed"}
[WebServer] {"level":30,"time":"2026-10-05T20:11:43.338Z","pid":26242,"hostname":"OB-PC-25-004.local","name":"nightwatch-api","requestId":"e221adf9-6bc6-43b7-a1c1-01bee42d4995","method":"GET","path":"/api/auth/get-session","status":200,"durationMs":4,"msg":"request completed"}
[WebServer] {"level":30,"time":"2026-10-05T20:11:43.361Z","pid":26242,"hostname":"OB-PC-25-004.local","name":"nightwatch-api","requestId":"8af2ffaf-3b54-4daa-b0a5-a5515b8046fd","method":"GET","path":"/api/me/context","status":200,"durationMs":4,"msg":"request completed"}
[WebServer] {"level":30,"time":"2026-10-05T20:11:43.374Z","pid":26242,"hostname":"OB-PC-25-004.local","name":"nightwatch-api","requestId":"09ea093f-8ac6-4bd7-89c2-8c4716312541","method":"GET","path":"/api/organizations/:organizationId/monitors","status":200,"durationMs":11,"msg":"request completed"}
[WebServer] {"level":30,"time":"2026-10-05T20:11:43.385Z","pid":26242,"hostname":"OB-PC-25-004.local","name":"nightwatch-api","requestId":"5404213f-ff19-4b95-8cc1-a36928f43147","method":"GET","path":"/api/auth/get-session","status":200,"durationMs":2,"msg":"request completed"}
[WebServer] {"level":30,"time":"2026-10-05T20:11:43.412Z","pid":26242,"hostname":"OB-PC-25-004.local","name":"nightwatch-api","requestId":"aab346d4-f5e8-4595-9e5e-ca0dbc0902c2","method":"GET","path":"/api/organizations/:organizationId/monitors/recent-events","status":200,"durationMs":10,"msg":"request completed"}
[WebServer] {"level":30,"time":"2026-10-05T20:11:43.413Z","pid":26242,"hostname":"OB-PC-25-004.local","name":"nightwatch-api","requestId":"c998a5dd-2a53-43f6-9427-6b5f067a8d3e","method":"GET","path":"/api/notifications/unread-count","status":200,"durationMs":12,"msg":"request completed"}
[WebServer] {"level":30,"time":"2026-10-05T20:11:43.414Z","pid":26242,"hostname":"OB-PC-25-004.local","name":"nightwatch-api","requestId":"1800255e-640a-40de-af91-551f0d3fc289","method":"GET","path":"/api/organizations/:organizationId/monitors","status":200,"durationMs":13,"msg":"request completed"}
[WebServer] {"level":30,"time":"2026-10-05T20:11:43.600Z","pid":26242,"hostname":"OB-PC-25-004.local","name":"nightwatch-api","requestId":"bf925aaa-5c72-490c-b1e7-9ec340241a19","method":"GET","path":"/api/auth/get-session","status":200,"durationMs":4,"msg":"request completed"}
[WebServer] {"level":30,"time":"2026-10-05T20:11:43.606Z","pid":26242,"hostname":"OB-PC-25-004.local","name":"nightwatch-api","requestId":"3fd21fd4-b893-434d-8ef4-6fdc5f3d2bdd","method":"GET","path":"/api/me/context","status":200,"durationMs":3,"msg":"request completed"}
[WebServer] {"level":30,"time":"2026-10-05T20:11:43.623Z","pid":26242,"hostname":"OB-PC-25-004.local","name":"nightwatch-api","requestId":"6fff9198-eb51-43f3-8245-6cd2d3c0d021","method":"GET","path":"/api/organizations/:organizationId/monitors/:monitorId","status":200,"durationMs":15,"msg":"request completed"}
[WebServer] {"level":30,"time":"2026-10-05T20:11:43.634Z","pid":26242,"hostname":"OB-PC-25-004.local","name":"nightwatch-api","requestId":"e3c1569b-47af-4874-be9a-463802d905bb","method":"GET","path":"/api/auth/get-session","status":200,"durationMs":2,"msg":"request completed"}
[WebServer] {"level":30,"time":"2026-10-05T20:11:43.663Z","pid":26242,"hostname":"OB-PC-25-004.local","name":"nightwatch-api","requestId":"e909a451-8eb1-486b-8788-4c83d8117867","method":"GET","path":"/api/organizations/:organizationId/monitors/:monitorId/incidents","status":200,"durationMs":9,"msg":"request completed"}
[WebServer] {"level":30,"time":"2026-10-05T20:11:43.664Z","pid":26242,"hostname":"OB-PC-25-004.local","name":"nightwatch-api","requestId":"94601389-5771-41a6-a467-6a799d372a29","method":"GET","path":"/api/notifications/unread-count","status":200,"durationMs":12,"msg":"request completed"}
[WebServer] {"level":30,"time":"2026-10-05T20:11:43.665Z","pid":26242,"hostname":"OB-PC-25-004.local","name":"nightwatch-api","requestId":"32af7078-201b-43fa-b53e-21cec37baa93","method":"GET","path":"/api/organizations/:organizationId/monitors","status":200,"durationMs":12,"msg":"request completed"}
[WebServer] {"level":30,"time":"2026-10-05T20:11:43.665Z","pid":26242,"hostname":"OB-PC-25-004.local","name":"nightwatch-api","requestId":"1529bd33-35dd-4c9c-b4c7-c308e320a566","method":"GET","path":"/api/organizations/:organizationId/monitors/:monitorId/response-times","status":200,"durationMs":12,"msg":"request completed"}
[WebServer] {"level":30,"time":"2026-10-05T20:11:43.665Z","pid":26242,"hostname":"OB-PC-25-004.local","name":"nightwatch-api","requestId":"486a2872-bbf1-4fee-9bae-0b6d763a896e","method":"GET","path":"/api/organizations/:organizationId/monitors/:monitorId/:segment","status":200,"durationMs":11,"msg":"request completed"}
[WebServer] {"level":30,"time":"2026-10-05T20:11:43.666Z","pid":26242,"hostname":"OB-PC-25-004.local","name":"nightwatch-api","requestId":"907a852f-ffbf-474d-a5f1-d57a1279d89b","method":"GET","path":"/api/organizations/:organizationId/monitors/:monitorId/checks","status":200,"durationMs":12,"msg":"request completed"}
[WebServer] {"level":30,"time":"2026-10-05T20:11:43.673Z","pid":26242,"hostname":"OB-PC-25-004.local","name":"nightwatch-api","requestId":"65f25de7-96b9-4f96-82d9-778aad0f0b31","method":"GET","path":"/api/organizations/:organizationId/notification-settings","status":200,"durationMs":7,"msg":"request completed"}
[WebServer] {"level":30,"time":"2026-10-05T20:11:43.674Z","pid":26242,"hostname":"OB-PC-25-004.local","name":"nightwatch-api","requestId":"6801d999-44e8-4190-8381-f744aba3cc5b","method":"GET","path":"/api/organizations/:organizationId/monitors/:monitorId/:segment","status":200,"durationMs":6,"msg":"request completed"}
[WebServer] {"level":30,"time":"2026-10-05T20:11:43.884Z","pid":26242,"hostname":"OB-PC-25-004.local","name":"nightwatch-api","requestId":"3d942d66-f9ef-4e83-94e4-849eb9eb3730","method":"GET","path":"/api/auth/get-session","status":200,"durationMs":3,"msg":"request completed"}
[WebServer] {"level":30,"time":"2026-10-05T20:11:43.890Z","pid":26242,"hostname":"OB-PC-25-004.local","name":"nightwatch-api","requestId":"d0ee0b16-28a9-4536-870d-c4b3ba09d528","method":"GET","path":"/api/me/context","status":200,"durationMs":2,"msg":"request completed"}
[WebServer] {"level":30,"time":"2026-10-05T20:11:43.901Z","pid":26242,"hostname":"OB-PC-25-004.local","name":"nightwatch-api","requestId":"e2064b90-6866-4773-a3c3-4c5afb1e01a4","method":"GET","path":"/api/auth/get-session","status":200,"durationMs":2,"msg":"request completed"}
[WebServer] {"level":30,"time":"2026-10-05T20:11:43.911Z","pid":26242,"hostname":"OB-PC-25-004.local","name":"nightwatch-api","requestId":"cbf63b0a-f0db-4f0f-98ad-383112eda62f","method":"GET","path":"/api/organizations/:organizationId/notification-settings","status":200,"durationMs":6,"msg":"request completed"}
[WebServer] {"level":30,"time":"2026-10-05T20:11:43.912Z","pid":26242,"hostname":"OB-PC-25-004.local","name":"nightwatch-api","requestId":"007f5d44-8e8b-4bbe-907a-71dcb079df99","method":"GET","path":"/api/notifications/unread-count","status":200,"durationMs":8,"msg":"request completed"}
[WebServer] {"level":30,"time":"2026-10-05T20:11:43.914Z","pid":26242,"hostname":"OB-PC-25-004.local","name":"nightwatch-api","requestId":"dd54f6c6-cbcb-4af9-a0fb-2cb61fdd98f7","method":"GET","path":"/api/organizations/:organizationId/monitors","status":200,"durationMs":9,"msg":"request completed"}
[WebServer] {"level":30,"time":"2026-10-05T20:11:44.108Z","pid":26242,"hostname":"OB-PC-25-004.local","name":"nightwatch-api","requestId":"e1170783-391f-467f-b17d-0f9e4db2df61","method":"GET","path":"/api/auth/get-session","status":200,"durationMs":6,"msg":"request completed"}
[WebServer] {"level":30,"time":"2026-10-05T20:11:44.112Z","pid":26242,"hostname":"OB-PC-25-004.local","name":"nightwatch-api","requestId":"cc1918dd-9e98-48c6-accd-eedc4ba6564b","method":"GET","path":"/api/me/context","status":200,"durationMs":2,"msg":"request completed"}
[WebServer] {"level":30,"time":"2026-10-05T20:11:44.127Z","pid":26242,"hostname":"OB-PC-25-004.local","name":"nightwatch-api","requestId":"d1bba0a8-0b7f-467b-9084-37d360e8d56b","method":"GET","path":"/api/organizations/:organizationId/monitors/:monitorId","status":200,"durationMs":12,"msg":"request completed"}
[WebServer] {"level":30,"time":"2026-10-05T20:11:44.136Z","pid":26242,"hostname":"OB-PC-25-004.local","name":"nightwatch-api","requestId":"ea114ff9-9a9a-46fb-b5a1-65caa1dc5447","method":"GET","path":"/api/auth/get-session","status":200,"durationMs":2,"msg":"request completed"}
[WebServer] {"level":30,"time":"2026-10-05T20:11:44.155Z","pid":26242,"hostname":"OB-PC-25-004.local","name":"nightwatch-api","requestId":"67e8af06-7db9-48da-b5fc-228e6ac1ddd5","method":"GET","path":"/api/organizations/:organizationId/notification-settings","status":200,"durationMs":5,"msg":"request completed"}
[WebServer] {"level":30,"time":"2026-10-05T20:11:44.158Z","pid":26242,"hostname":"OB-PC-25-004.local","name":"nightwatch-api","requestId":"0ef2c603-d994-4097-be3b-e21657c2293b","method":"GET","path":"/api/notifications/unread-count","status":200,"durationMs":7,"msg":"request completed"}
[WebServer] {"level":30,"time":"2026-10-05T20:11:44.158Z","pid":26242,"hostname":"OB-PC-25-004.local","name":"nightwatch-api","requestId":"1fdad798-9a17-4caa-8e50-24c462040412","method":"GET","path":"/api/organizations/:organizationId/monitors","status":200,"durationMs":8,"msg":"request completed"}
  ✓  18 [chromium] › e2e/tests/monitors-access.spec.ts:558:5 › reflow at 200% (640 px viewport, LAY-02) › dark: no sideways page scroll, actions and labels remain (1.5s)
[WebServer] {"level":30,"time":"2026-10-05T20:11:44.282Z","pid":26239,"hostname":"OB-PC-25-004.local","name":"nightwatch-worker","signal":"SIGTERM","msg":"worker shutdown requested"}
[WebServer] {"level":30,"time":"2026-10-05T20:11:44.283Z","pid":26239,"hostname":"OB-PC-25-004.local","name":"nightwatch-worker","msg":"monitor scheduler stopped"}
[WebServer] {"level":30,"time":"2026-10-05T20:11:44.283Z","pid":26239,"hostname":"OB-PC-25-004.local","name":"nightwatch-worker","msg":"audit exporter stopped"}

  18 passed (28.8s)
